slug,name,brandSlug,price,thickness,length,width,weight,material,features,imageUrl,shopifyId
42birds-cork-yoga-mat,"Cork Lightweight Yoga Mat “The Robin”",42birds,,5,,,0.8618265279277155,Cotton,"Eco-Friendly; Non-Slip; Lightweight; Extra Wide; Antimicrobial",,876111003695
42birds-industrial-mat-the-imperial-eagle,"Cork Yoga Industrial Mat “The Imperial Eagle”",42birds,,6,,,2.4947610018960185,Natural Rubber,"Eco-Friendly; Extra Thick; Non-Slip; Extra Wide; Antimicrobial",,1127858012207
42birds-extra-long-mat,"Extra Long Cork Lightweight Yoga Mat ""The Robin""",42birds,,5,,,1.1339822735890994,Cotton,"Eco-Friendly; Non-Slip; Lightweight; Extra Long; Extra Wide; Antimicrobial",,1373998383151
42birds-extra-long-cork-yoga-industrial-mat-the-imperial-eagle,"Extra Long Cork Yoga Industrial Mat “The Imperial Eagle”",42birds,,6,,,2.5854795837831466,Natural Rubber,"Eco-Friendly; Extra Thick; Non-Slip; Extra Long; Extra Wide; Antimicrobial",,7263667257527
42birds-cork-yoga-mat-massage-balls-and-yoga-block-bundle-the-flock,"Cork Lightweight Yoga Mat, Massage Balls and Yoga Block Bundle - ""The Flock""",42birds,,5,,,0.8618265279277155,Natural Rubber,"Eco-Friendly; Non-Slip; Lightweight; Extra Wide",,1056970407983
42birds-cork-yoga-mat-and-two-block-bundle,"Cork Lightweight Yoga Mat and Two-Block Bundle",42birds,,5,,,0.8618265279277155,Natural Rubber,"Eco-Friendly; Non-Slip; Lightweight; Extra Wide",,1067263787055
42birds-cork-yoga-mat-and-massage-balls-bundle,"Cork Lightweight Yoga Mat and Massage Balls Bundle",42birds,,5,,,0.8618265279277155,Natural Rubber,"Eco-Friendly; Non-Slip; Lightweight; Extra Wide",,1067263819823
42birds-cork-industrial-yoga-mat-and-two-block-bundle,"Cork Industrial Yoga Mat and Two-Block Bundle",42birds,,6,,,2.4947610018960185,Natural Rubber,"Eco-Friendly; Extra Thick; Non-Slip; Extra Wide; Antimicrobial",,7168914358455
42birds-cork-extra-long-yoga-mat-and-two-block-bundle,"Cork Extra Long Yoga Mat and Two-Block Bundle",42birds,,5,,,1.1339822735890994,Natural Rubber,"Eco-Friendly; Non-Slip; Extra Long; Extra Wide",,7168916127927
42birds-all-natural-cork-yoga-mat,"100% Cork Yoga Mat ""The Woodpecker""",42birds,,5,,,1.1339822735890994,Cotton,"Eco-Friendly; Non-Slip; Antimicrobial",,1373992189999
ananday-ananday-cork-yoga-mat,"Ananday Cork Yoga Mat",ananday,,4,182.88,60.96,2.4494017109524546,Natural Rubber,"Eco-Friendly; Reversible; Extra Thick; Non-Slip; Extra Wide; Antimicrobial; Premium",,4420382163079
ananday-cork-yoga-mat-and-strap-set,"Ground + Stretch Bundle",ananday,,4,182.88,60.96,2.4494017109524546,Natural Rubber,"Eco-Friendly; Extra Thick; Non-Slip; Lightweight; Extra Wide; Alignment Marks; Antimicrobial",,6857887940772
ananday-home-yoga-starter-set,"Home Yoga Starter Set",ananday,,4,182.88,60.96,2.4494017109524546,Natural Rubber,"Eco-Friendly; Extra Thick; Non-Slip; Lightweight; Extra Wide; Alignment Marks; Antimicrobial; Premium",,5411332849828
ananday-ground-cleanse-bundle,"Ground + Cleanse Bundle",ananday,,4,182.88,60.96,2.4494017109524546,Natural Rubber,"Eco-Friendly; Extra Thick; Non-Slip; Extra Wide; Antimicrobial",,8089072763139
bala-the-compact-mat,"The Compact Mat",bala,,12,,,,,"Non-Slip; Lightweight",,8074604085383
bala-the-play-mat,"The Play Mat",bala,,5,,,,,"Eco-Friendly; Antimicrobial",,7371478925447
bala-wavy-mat,"The Wavy Mat",bala,,5,,,,,"Antimicrobial",,7570101403783
bala-deco-mat,"The Deco Mat",bala,,5,,,,,"Eco-Friendly; Antimicrobial",,8062868488327
bala-mat-scrunchie,"The Mat Scrunchie",bala,,,,,,,"",,8011412308103
bala-the-play-mat-towel,"The Play Mat Towel",bala,,,,,,,"Eco-Friendly; Non-Slip",,7382292758663
bala-capsule-mat-towel,"The Capsule Mat Towel",bala,,,,,,,"",,8065107263623
bala-the-scrunchie-kit,"The Scrunchie Kit",bala,,,,,,,"",,8033474052231
bala-the-wavy-scrunchie-kit,"The Wavy Scrunchie Kit",bala,,,,,,,"",,8033474183303
bala-the-perfect-match-kit,"The Perfect (Mat)ch Kit",bala,,,,,,,"Non-Slip",,7865801080967
bala-the-resistance-kit,"The Resistance Kit",bala,,,,,,,"",,7408196288647
bala-yogi-kit,"Yogi Kit",bala,,,,,,,"",,7651226747015
bala-power-kit,"Power Kit",bala,,,,,,,"",,7651230154887
bala-sculpt-slide-kit,"Sculpt & Slide Kit",bala,,,,,,,"",,7651233464455
bala-mom-and-me-kit,"Mom and Me Kit",bala,,,,,,,"",,7673534840967
bala-mighty-mama-kit,"Mighty Mama Kit",bala,,,,,,,"",,7673538248839
bala-grounded-strength-kit,"Grounded Strength Kit",bala,,,,,,,"",,7920995860615
bala-power-flow-kit,"Power Flow Kit",bala,,,,,4.535929094356398,,"",,7920997105799
bala-powerhouse-performance-kit,"Powerhouse Performance Kit",bala,,,,,,,"",,7920997990535
bala-bala-mama-strength-kit,"Bala Mama Strength Kit",bala,,,,,,,"",,8083141886087
gaiam-05-61028_2,"Performance Dry-Grip Yoga Mat (5mm)",gaiam,,5,,,1.927769865101469,Natural Rubber,"Eco-Friendly; Non-Slip; Lightweight; Premium",,9130974913
gaiam-premium-metallic-sun-moon-yoga-mat-6mm,"Reversible Metallic Sun & Moon Yoga Mat (6mm)",gaiam,,6,,,,PVC,"Eco-Friendly; Reversible; Extra Thick; Non-Slip",,1747443482670
gaiam-05-61626,"Performance Longer/Wider Dry-Grip Yoga Mat (5mm)",gaiam,,5,,,2.267964547178199,Natural Rubber,"Eco-Friendly; Non-Slip; Lightweight; Extra Wide; Premium",,9130977793
gaiam-05-62214,"Gaiam Foldable Yoga Mat (2mm)",gaiam,,2,25.4,30.48,1.3607787283069193,PVC,"Eco-Friendly; Lightweight",,9130988673
gaiam-05-62031,"Reversible Be Free Yoga Mat (6mm)",gaiam,,6,,,,PVC,"Eco-Friendly; Reversible; Extra Thick; Non-Slip; Premium",,9130984449
gaiam-05-61547,"Reversible Elephant Yoga Mat (6mm)",gaiam,,6,,,,PVC,"Eco-Friendly; Reversible; Extra Thick; Non-Slip; Lightweight; Premium",,9130977153
gaiam-05-61333,"Premium Citron Sundial Yoga Mat (6mm)",gaiam,,6,,,,PVC,"Eco-Friendly; Extra Thick; Non-Slip; Lightweight; Alignment Marks; Premium",,9130975489
gaiam-premium-metallic-sunset-yoga-mat-6mm,"Premium Metallic Sunset Yoga Mat (6mm)",gaiam,,6,,,,Natural Rubber,"Eco-Friendly; Extra Thick; Non-Slip; Premium",,1747441582126
gaiam-05-62433,"Premium Lily Shadows Yoga Mat (6mm)",gaiam,,6,,,,PVC,"Eco-Friendly; Extra Thick; Non-Slip; Premium",,9130992257
gaiam-05-61637,"Kids Blue Rocket Yoga Mat (4mm)",gaiam,,4,,,,PVC,"Eco-Friendly; Non-Slip; Lightweight",,9130978049
gaiam-premium-metallic-bronze-medallion-yoga-mat-6mm,"Premium Metallic Medallion Yoga Mat (6mm)",gaiam,,6,,,,PVC,"Eco-Friendly; Extra Thick; Non-Slip; Premium",,1747442729006
gaiam-05-62435,"Reversible Spiral Motion Yoga Mat (6mm)",gaiam,,6,,,,PVC,"Eco-Friendly; Reversible; Extra Thick; Non-Slip",,9130992577
gaiam-reversible-peace-yoga-mat-5mm,"Reversible Inner Peace Yoga Mat (6mm)",gaiam,,6,,,,PVC,"Eco-Friendly; Reversible; Extra Thick; Non-Slip; Premium",,9358199809
gaiam-premium-aubergine-swirl-yoga-mat-5mm,"Premium Aubergine Swirl Yoga Mat (6mm)",gaiam,,6,,,,PVC,"Eco-Friendly; Extra Thick; Non-Slip; Premium",,493289472046
gaiam-05-62429,"Navy Fleur Marrakesh Yoga Mat (4mm)",gaiam,,4,,,,PVC,"Eco-Friendly; Non-Slip",,9130991873
gaiam-premium-reversible-jade-salutation-yoga-mat-6mm,"Premium Reversible Jade Salutation Yoga Mat (6mm)",gaiam,,6,,,,PVC,"Eco-Friendly; Reversible; Extra Thick; Non-Slip; Premium",,4494280491054
gaiam-premium-reversible-purple-illusion-yoga-mat-6mm,"Premium Reversible Purple Illusion Yoga Mat (6mm)",gaiam,,6,,,,PVC,"Eco-Friendly; Reversible; Extra Thick; Non-Slip; Lightweight; Premium",,6687637405742
gaiam-premium-reversible-lunar-wave-yoga-mat-6mm,"Premium Reversible Lunar Wave Yoga Mat (6mm)",gaiam,,6,,,,PVC,"Eco-Friendly; Reversible; Extra Thick; Non-Slip; Premium",,6786910093358
gaiam-kids-twinkle-toes-yoga-mat-3mm,"Kids Twinkle Toes Yoga Mat (3mm)",gaiam,,3,,,,PVC,"Eco-Friendly; Non-Slip; Lightweight",,6701177864238
gaiam-premium-reversible-seaglass-yoga-mat-6mm,"Premium Reversible Seaglass Yoga Mat (6mm)",gaiam,,6,,,,PVC,"Eco-Friendly; Reversible; Extra Thick; Non-Slip; Lightweight; Premium",,6687639699502
gaiam-premium-reversible-marbled-bronze-medallion-yoga-mat-6mm,"Premium Reversible Marbled Bronze Medallion Yoga Mat (6mm)",gaiam,,6,,,,PVC,"Eco-Friendly; Reversible; Extra Thick; Non-Slip; Premium",,6702323957806
gaiam-kids-chomper-yoga-mat-3mm,"Kids Chomper Yoga Mat (3mm)",gaiam,,3,,,,PVC,"Eco-Friendly; Lightweight",,6701173604398
gaiam-classic-mystic-ink-yoga-mat-4mm,"Classic Mystic Ink Yoga Mat (4mm)",gaiam,,4,,,,PVC,"Eco-Friendly; Non-Slip; Lightweight",,6702322647086
gaiam-premium-luminary-yoga-mat-6mm,"Premium Luminary Yoga Mat (6mm)",gaiam,,6,,,,PVC,"Eco-Friendly; Extra Thick; Non-Slip; Premium",,6786909503534
gaiam-premium-celestial-blue-yoga-mat-6mm,"Premium Celestial Blue Yoga Mat (6mm)",gaiam,,6,,,,PVC,"Eco-Friendly; Extra Thick; Non-Slip; Lightweight; Premium",,6687617581102
gaiam-classic-yoga-mat-4mm-purple-lattice,"Classic Yoga Mat (4mm) - Purple Lattice",gaiam,,4,,,,PVC,"Eco-Friendly; Non-Slip; Lightweight",,6786909274158
gaiam-kids-ballerina-yoga-mat-3mm,"Kids Ballerina Yoga Mat (3mm)",gaiam,,3,,,,PVC,"Eco-Friendly; Non-Slip; Lightweight",,6701167312942
gaiam-premium-santorini-yoga-mat-6mm,"Premium Santorini Yoga Mat (6mm)",gaiam,,6,,,,PVC,"Eco-Friendly; Extra Thick; Non-Slip; Lightweight; Premium",,6687615516718
gaiam-classic-yoga-mat-4mm-vibrant-flourish,"Classic Yoga Mat (4mm) - Vibrant Flourish",gaiam,,4,,,,PVC,"Eco-Friendly; Non-Slip; Lightweight",,6786909405230
gaiam-premium-yoga-mat-pink-marrakesh-6mm,"Premium Pink Marrakesh Yoga Mat (6mm)",gaiam,,6,,,,PVC,"Eco-Friendly; Extra Thick; Non-Slip; Premium",,6713114198062
gaiam-premium-reversible-yoga-mat-ethereal-beauty-6mm,"Premium Reversible Ethereal Beauty Yoga Mat (6mm)",gaiam,,6,,,,PVC,"Eco-Friendly; Reversible; Extra Thick; Non-Slip; Premium",,6866070372398
gaiam-premium-yoga-mat-violet-vision-6mm,"Premium Violet Vision Yoga Mat (6mm)",gaiam,,6,,,,PVC,"Eco-Friendly; Extra Thick; Non-Slip; Premium",,6866042716206
gaiam-moonlit-tide-classic-yoga-mat-4mm,"Moonlit Tide Classic Yoga Mat (4mm)",gaiam,,4,,,,PVC,"Eco-Friendly; Non-Slip; Lightweight",,6866037768238
gaiam-premium-here-and-now-yoga-mat-6mm,"Premium Here and Now Yoga Mat (6mm)",gaiam,,6,,,,PVC,"Eco-Friendly; Extra Thick; Non-Slip; Premium",,6866041110574
gaiam-wild-perennial-classic-yoga-mat-4mm,"Wild Perennial Classic Yoga Mat (4mm)",gaiam,,4,,,,PVC,"Eco-Friendly; Non-Slip; Lightweight",,6865545396270
gayo-yoga-cork-mat,"Eco-Friendly Cork Yoga Mat",gayo,,,,,,Natural Rubber,"Eco-Friendly; Non-Slip; Alignment Marks; Premium",,7676617392310
gayo-handmade-cotton-yoga-mat,"Organic & Eco-Friendly Cotton Yoga Mat",gayo,,,,,,Cotton,"Eco-Friendly; Lightweight",,7596248465590
gayo-eco-friendly-non-slip-yoga-mat-4mm,"Eco Balance Yoga Mat- 4 mm",gayo,,4,,,,Natural Rubber,"Eco-Friendly; Non-Slip; Lightweight; Alignment Marks",,8158717542582
gayo-eco-balance-yoga-mat-5-mm,"Eco Balance Pro Yoga Mat- 5 mm",gayo,,5,,,,Natural Rubber,"Eco-Friendly; Non-Slip; Lightweight; Alignment Marks",,8255924961462
heathyoga-tpe-body-alignment-system-yoga-mat-grey-heathyoga,"TPE Body Alignment System Yoga Mat - Gray",heathyoga,,6,182.88,66.04,,PVC,"Extra Thick; Extra Wide; Alignment Marks",,1828596809763
heathyoga-tpe-body-alignment-system-non-slip-yoga-mat,"Heathyoga TPE Body Alignment System Yoga Mat - Turquoise",heathyoga,,6,182.88,66.04,,PVC,"Extra Thick; Extra Wide; Alignment Marks",,1725628940323
heathyoga-tpe-body-alignment-system-yoga-mat-blue-heathyoga,"Heathyoga TPE Body Alignment System Yoga Mat - Navy Blue",heathyoga,,6,182.88,66.04,,PVC,"Extra Thick; Extra Wide; Alignment Marks",,1828546183203
heathyoga-tpe-body-alignment-system-yoga-mat-purple-heathyoga,"Heathyoga TPE Body Alignment System Yoga Mat - Purple",heathyoga,,6,182.88,66.04,,PVC,"Extra Thick; Extra Wide; Alignment Marks",,1828612210723
heathyoga-tpe-body-alignment-system-yoga-mat-lemon-green-heathyoga,"Heathyoga TPE Body Alignment System Yoga Mat - Grass Green",heathyoga,,6,182.88,66.04,,PVC,"Extra Thick; Extra Wide; Alignment Marks",,1828602445859
heathyoga-tpe-body-alignment-system-yoga-mat-pink-heathyoga,"Heathyoga TPE Body Alignment System Yoga Mat - Pink",heathyoga,,6,182.88,66.04,,PVC,"Extra Thick; Extra Wide; Alignment Marks",,1828609949731
houseofmats-familia,"Africa by Jess Guzman Yoga mat - Art Collection - 4mm",houseofmats,,4,,,,,"",,7167222743191
houseofmats-airy-blue,"Airy Blue Yoga mat - Laboratory Limited Edition - 3.5mm",houseofmats,,3.5,,,,,"",,8885758329166
houseofmats-clay,"Clay Yoga mat - Laboratory Limited Edition - 3.5mm",houseofmats,,3.5,,,,,"",,8885759115598
houseofmats-daylight-moth-by-ula-basinska-11,"Daylight moth Yoga mat by Ula Basinska - Art Collection - 4mm",houseofmats,,4,,,,,"",,7545952862359
houseofmats-forest-green,"Forest Green Yoga mat - Studio Collection - 4.5mm",houseofmats,,4.5,,,,,"Eco-Friendly; Non-Slip",,8885754790222
houseofmats-golden-hour,"Golden House Yoga mat - Studio Collection - 4.5mm",houseofmats,,4.5,,,,,"Eco-Friendly; Non-Slip",,8885756428622
houseofmats-oat-signature,"Granito Milk Yoga mat - Travel Collection - Foldable - 2mm",houseofmats,,2,,,,,"Lightweight",,8885761704270
houseofmats-magnetic-purple,"Magnetic Purple Yoga mat - Travel Collection - Foldable - 2mm",houseofmats,,2,,,,,"Lightweight; Alignment Marks",,8885761147214
houseofmats-misty-grey,"Misty Grey Yoga mat - Studio Collection - 4.5mm",houseofmats,,4.5,,,,,"Eco-Friendly; Non-Slip",,8885754102094
houseofmats-moonlight,"Moonlight shadow - Art Collection - 4mm",houseofmats,,4,,,,,"",,7545985466519
houseofmats-nautica-yoga-mat-studio-collection-4-5mm,"Nautica Yoga mat - Studio Collection - 4.5mm",houseofmats,,4.5,,,,,"Eco-Friendly; Non-Slip",,10847222268238
houseofmats-midnight-tribe-by-ula-basinska,"Nightlight tribe by Ula Basinska - Art Collection - 4mm",houseofmats,,4,,,,,"",,7545809436823
houseofmats-peony-bloom,"Peony blossom Yoga mat - Art Collection - 4mm",houseofmats,,4,,,,,"",,7545961578647
houseofmats-purple-yoga-mat-classic-collection-4-5mm,"Purple Yoga mat - Studio Collection - 4.5mm",houseofmats,,4.5,,,,,"Eco-Friendly; Non-Slip; Lightweight",,10847220465998
houseofmats-rooted-brown,"Rooted Brown Yoga mat - Studio Collection - 4.5mm",houseofmats,,4.5,,,,,"Eco-Friendly; Non-Slip",,8885756166478
houseofmats-royal-plum-signature-yoga-mat-classic-collection-4-5mm,"Royal Plum Signature Yoga mat - Studio Collection - 4.5mm",houseofmats,,4.5,,,,,"Eco-Friendly; Non-Slip",,9707073634638
houseofmats-royal-plum,"Royal Plum Yoga mat - Studio Collection - 4.5mm",houseofmats,,4.5,,,,,"Eco-Friendly; Non-Slip",,8885756854606
houseofmats-sage-green,"Sage Green Yoga mat - Laboratory Limited Edition - 3.5mm",houseofmats,,3.5,,,,,"",,8885759574350
houseofmats-suiyobi,"Suiyobi Yoga Mat - Laboratory Limited Edition - 3.5mm",houseofmats,,3.5,,,,,"",,8885757641038
houseofmats-the-black-mat-1,"The Black Mat - Colección de viaje. Plegable 2mm",houseofmats,,2,,,,,"Lightweight",,8885760426318
houseofmats-the-black-mat,"The Black Mat - Studio Collection - 4.5mm",houseofmats,,4.5,,,,,"Eco-Friendly; Non-Slip",,8885753676110
jadeyoga-harmony-mat,"Jade Harmony Yoga Mat - JadeYoga",jadeyoga,,,172.72,,2.267964547178199,Natural Rubber,"Eco-Friendly; Non-Slip; Extra Wide",,426167656
jadeyoga-travel-mat,"Best-Selling Travel Yoga Mat  – Lightweight, Portable and Durable",jadeyoga,,,172.72,,1.3607787283069193,Natural Rubber,"Eco-Friendly; Non-Slip; Lightweight; Extra Wide",,443985608
jadeyoga-fusion-mat,"Jade Fusion Yoga & Pilates Mat – Extra Thick Natural Rubber Yoga & Pilates Mat - JadeYoga",jadeyoga,,8,172.72,,3.855539730202938,Natural Rubber,"Eco-Friendly; Extra Thick; Non-Slip; Extra Wide",,443967080
jadeyoga-voyager-mat,"Jade Voyager Mat - Lightweight and Portable - JadeYoga",jadeyoga,,,172.72,,0.6803893641534596,Natural Rubber,"Eco-Friendly; Lightweight; Extra Wide",,3094879877
jadeyoga-level-1-mat,"Jade Level One Yoga Mat  For Beginners – JadeYoga",jadeyoga,,4,,,,Natural Rubber,"Eco-Friendly; Non-Slip; Lightweight; Extra Wide",,51826982930
jadeyoga-elite-s,"Jade Elite S Yoga Mat - Durable and Supportive - Eco Friendly - JadeYoga",jadeyoga,,,,,2.267964547178199,Natural Rubber,"Eco-Friendly; Non-Slip; Extra Wide",,8617281682
jadeyoga-harmony-mat-xw,"Harmony XW Yoga Mat – Eco Friendly and Chemical Free -  JadeYoga",jadeyoga,,,203.2,,,Natural Rubber,"Eco-Friendly; Non-Slip; Extra Long; Extra Wide; Premium",,444002112
jadeyoga-xw-fusion,"XW Fusion Yoga Mat - Extra Wide and Thick for Grip - JadeYoga",jadeyoga,,8,203.2,,,Natural Rubber,"Eco-Friendly; Extra Thick; Non-Slip; Extra Wide",,3366458053
jadeyoga-fusion-mini-mats,"Fusion Mini Yoga Mat – Eco Friendly and Natural Rubber - JadeYoga",jadeyoga,,8,,,,Natural Rubber,"Eco-Friendly; Extra Thick; Non-Slip; Extra Wide",,4380497608776
jadeyoga-organic-cotton-mysore-yoga-rugs-1,"Organic Cotton Mysore Yoga Rug – JadeYoga",jadeyoga,,,,,1.1339822735890994,Cotton,"Lightweight; Extra Wide",,4030691999816
jadeyoga-dharba-grass-yoga-meditation-mat,"Meditation Mats – Handwoven Darbha Grass Mats -  JadeYoga",jadeyoga,,,,,,Cotton,"Extra Wide",,4030779555912
jadeyoga-recycled-sari-yoga-rug,"Recycled Sari Yoga Rug - JadeYoga",jadeyoga,,,60.96,182.88,,Cotton,"Eco-Friendly",,5609212379287
jadeyoga-jade-extra-yoga-mat,"Jade Extra Yoga Mat - JadeYoga",jadeyoga,,4.5,,,2.267964547178199,Natural Rubber,"Non-Slip; Extra Wide; Antimicrobial",,8521067036823
jadeyoga-jade-cork-yoga-mat,"Jade Cork Yoga Mat - Hot Yoga - Eco Friendly - JadeYoga",jadeyoga,,4.5,,,2.267964547178199,Natural Rubber,"Eco-Friendly; Non-Slip; Extra Wide",,8521108488343
jadeyoga-jade-mushroom-mat,"Jade Mushroom Mat",jadeyoga,,5,172.72,,2.041168092460379,Natural Rubber,"Eco-Friendly; Non-Slip; Extra Wide",,9094656196759
jadeyoga-jade-harmony-2-0,"Jade Harmony 2.0",jadeyoga,,,172.72,,,Natural Rubber,"Eco-Friendly; Non-Slip; Extra Wide",,9282036367511
keep-12566,"[Large Space] Super Wide and Thick Exercise Mat",keep,,,,,,,"Extra Wide",,7703088726200
keep-12912,"[Beginner Assist] Yoga Mat with Position Lines",keep,,,,,,,"",,7703088791736
keep-10004030,"Jump Rope Mat",keep,,,,,,,"",,7703088922808
keep-10010278,"High Elasticity TPE Pro Training Mat",keep,,,,,,TPE,"",,7703088955576
keep-10002590,"Extra Large Home Mat",keep,,,,,,,"",,7703088857272
keep-10003641,"Extra Large Aerobics Mat",keep,,,,,,,"",,7703088890040
keep-12801,"[Dormitory Partner] Classic Exercise Mat",keep,,,,,,,"",,7703088758968
liforme-liforme-classic-yoga-mat,"Liforme Classic Yoga Mat",liforme,,,,,,Natural Rubber,"Eco-Friendly; Non-Slip; Extra Wide; Alignment Marks",,6149522456751
liforme-liforme-cosmic-moon-yoga-mat,"Liforme Cosmic Moon Yoga Mat",liforme,,4,,,,Natural Rubber,"Eco-Friendly; Non-Slip; Extra Wide; Alignment Marks",,7765817622703
liforme-liforme-magic-galaxy-yoga-mat-gold-silver,"Liforme Magic Galaxy Yoga Mat - Gold & Silver",liforme,,4,,,,Natural Rubber,"Eco-Friendly; Non-Slip; Extra Wide; Alignment Marks",,14969576849784
liforme-liforme-tropical-paradise-yoga-mat,"Liforme Tropical Paradise Yoga Mat",liforme,,4,,,,Natural Rubber,"Eco-Friendly; Non-Slip; Extra Wide; Alignment Marks",,14958245052792
liforme-liforme-x-you-your-unique-yoga-mat,"Liforme x You - A unique Yoga Mat",liforme,,4,,,,,"Eco-Friendly; Non-Slip; Alignment Marks",,7159308124335
liforme-liforme-mindful-garden-yoga-mat,"Liforme Mindful Garden Yoga Mat",liforme,,4,,,,Natural Rubber,"Eco-Friendly; Non-Slip; Extra Wide; Alignment Marks",,7765813526703
liforme-liforme-blossoming-lotus-yoga-mat,"Liforme Blossoming Lotus Yoga Mat",liforme,,4,,,,Natural Rubber,"Eco-Friendly; Non-Slip; Extra Wide; Alignment Marks",,7769349980335
liforme-liforme-deep-forest-mindful-garden-yoga-mat,"Liforme Deep Forest Mindful Garden Yoga Mat",liforme,,4,,,,Natural Rubber,"Eco-Friendly; Non-Slip; Extra Wide; Alignment Marks",,14909729276280
liforme-liforme-white-magic-yoga-mat,"Liforme White Magic Yoga Mat",liforme,,4,,,,Natural Rubber,"Eco-Friendly; Non-Slip; Extra Wide; Alignment Marks",,7772431286447
liforme-liforme-magic-galaxy-yoga-mat-silver,"Liforme Magic Galaxy Yoga Mat - Silver",liforme,,4,,,,Natural Rubber,"Eco-Friendly; Non-Slip; Extra Wide; Alignment Marks",,14969535791480
liforme-liforme-black-gold-yoga-mat,"Liforme Black & Gold Yoga Mat",liforme,,4,,,,Natural Rubber,"Eco-Friendly; Non-Slip; Extra Wide; Alignment Marks",,7769350373551
liforme-liforme-majestic-carpet-yoga-mat,"Liforme Majestic Carpet Yoga Mat",liforme,,4,,,,Natural Rubber,"Eco-Friendly; Non-Slip; Extra Wide; Alignment Marks",,7772324528303
liforme-liforme-mystique-yoga-mat,"Liforme Mystique Yoga Mat",liforme,,4,,,,Natural Rubber,"Eco-Friendly; Non-Slip; Extra Wide; Alignment Marks",,14934739550584
liforme-liforme-mother-earth-yoga-mat,"Liforme Mother Earth Yoga Mat",liforme,,,,,,Natural Rubber,"Eco-Friendly; Non-Slip; Extra Wide; Alignment Marks",,7772435906735
liforme-liforme-rainbow-yoga-mat,"Liforme Rainbow Yoga Mat",liforme,,,,,,Natural Rubber,"Eco-Friendly; Non-Slip; Extra Wide; Alignment Marks",,7769350963375
liforme-liforme-expressions-yoga-mat,"Liforme Expressions Yoga Mat",liforme,,4,,,,Natural Rubber,"Eco-Friendly; Non-Slip; Extra Wide; Alignment Marks",,7769271992495
liforme-liforme-paisley-passion-yoga-mat,"Liforme Paisley Passion Yoga Mat",liforme,,4,,,,Natural Rubber,"Eco-Friendly; Non-Slip; Extra Wide; Alignment Marks",,7772433055919
liforme-liforme-radiant-sun-yoga-mat,"Liforme Radiant Sun Yoga Mat",liforme,,,,,,Natural Rubber,"Eco-Friendly; Non-Slip; Extra Wide; Alignment Marks",,7769350865071
liforme-liforme-in-line-yoga-mat,"Liforme In Line Yoga Mat",liforme,,4,,,,Natural Rubber,"Eco-Friendly; Non-Slip; Extra Wide; Alignment Marks",,14934740730232
liforme-liforme-tantalising-terracotta-yoga-mat,"Liforme Tantalising Terracotta Yoga Mat",liforme,,4,,,,Natural Rubber,"Eco-Friendly; Non-Slip; Extra Wide; Alignment Marks",,8053955068079
liforme-liforme-dragon-phoenix-yoga-mat,"Liforme Dragon & Phoenix Yoga Mat",liforme,,,,,,Natural Rubber,"Eco-Friendly; Non-Slip; Extra Wide; Alignment Marks",,14943989956984
liforme-liforme-zodiac-yoga-mat,"Liforme Zodiac Yoga Mat",liforme,,,,,,Natural Rubber,"Eco-Friendly; Non-Slip; Extra Wide; Alignment Marks",,7769345917103
liforme-liforme-evolve-yoga-mat,"Liforme Evolve Yoga Mat",liforme,,,,,,Natural Rubber,"Eco-Friendly; Non-Slip; Extra Wide; Alignment Marks",,7769350668463
liforme-liforme-mindful-garden-xl-yoga-mat,"Liforme Mindful Garden XL Yoga Mat",liforme,,4,,,,Natural Rubber,"Eco-Friendly; Non-Slip; Alignment Marks",,14867347341688
liforme-liforme-cosmic-moon-xl-yoga-mat,"Liforme Cosmic Moon XL Yoga Mat",liforme,,4,,,,Natural Rubber,"Eco-Friendly; Non-Slip; Alignment Marks",,14867341443448
liforme-liforme-blossoming-lotus-xl-yoga-mat,"Liforme Blossoming Lotus XL Yoga Mat",liforme,,4,,,,Natural Rubber,"Eco-Friendly; Non-Slip; Alignment Marks",,14867343049080
liforme-liforme-xl-mountain-yoga-mat,"Liforme XL Mountain Yoga Mat",liforme,,4,,,,Natural Rubber,"Eco-Friendly; Non-Slip; Alignment Marks",,7772436267183
liforme-liforme-xl-yoga-mat,"Liforme XL Yoga Mat",liforme,,4,,,,Natural Rubber,"Eco-Friendly; Non-Slip; Alignment Marks",,7772436496559
liforme-liforme-classic-travel-yoga-mat,"Liforme Classic Travel Yoga Mat",liforme,,2,,,,Natural Rubber,"Eco-Friendly; Non-Slip; Lightweight; Alignment Marks",,7739030765743
liforme-liforme-cosmic-moon-travel-yoga-mat,"Liforme Cosmic Moon Travel Yoga Mat",liforme,,4,,,,Natural Rubber,"Eco-Friendly; Non-Slip; Lightweight; Alignment Marks",,7772468838575
liforme-liforme-mindful-garden-travel-yoga-mat,"Liforme Mindful Garden Travel Yoga Mat",liforme,,2,,,,Natural Rubber,"Eco-Friendly; Non-Slip; Lightweight; Alignment Marks",,7765817229487
liforme-liforme-expressions-travel-yoga-mat,"Liforme Expressions Travel Yoga Mat",liforme,,2,,,,Natural Rubber,"Eco-Friendly; Non-Slip; Lightweight; Alignment Marks",,7769345294511
liforme-liforme-black-gold-travel-yoga-mat,"Liforme Black & Gold Travel Yoga Mat",liforme,,2,,,,Natural Rubber,"Eco-Friendly; Non-Slip; Lightweight; Alignment Marks",,7772452782255
liforme-liforme-rainbow-travel-yoga-mat,"Liforme Rainbow Travel Yoga Mat",liforme,,,,,,Natural Rubber,"Eco-Friendly; Non-Slip; Lightweight; Alignment Marks",,7772470182063
liforme-liforme-white-magic-travel-yoga-mat,"Liforme White Magic Travel Yoga Mat",liforme,,2,,,,Natural Rubber,"Eco-Friendly; Non-Slip; Lightweight; Alignment Marks",,7772479881391
liforme-liforme-classic-yoga-mat-travel-mat-bundle,"Liforme Classic Yoga Mat & Travel Mat Bundle",liforme,,,,,,,"Lightweight",,7794263818415
liforme-liforme-classic-yoga-mat-and-yoga-pad-bundle,"Liforme Classic Yoga Mat and Yoga Pad Bundle",liforme,,,,,,,"Extra Thick; Lightweight",,7806773133487
liforme-liforme-classic-travel-yoga-mat-and-yoga-pad-bundle,"Liforme Classic Travel Yoga Mat and Yoga Pad Bundle",liforme,,,,,,,"Lightweight",,7819513430191
liforme-liforme-classic-yoga-mat-travel-mat-yoga-pad-bundle,"Liforme Classic Yoga Mat, Travel & Pad Bundle",liforme,,,,,,,"Lightweight",,7843816603823
liforme-liforme-cosmic-moon-yoga-mat-travel-mat-bundle,"Liforme Cosmic Moon Yoga Mat & Travel Mat Bundle",liforme,,,,,,,"Eco-Friendly; Non-Slip; Lightweight; Alignment Marks",,14834002329976
liforme-liforme-mindful-garden-yoga-mat-travel-mat-bundle,"Liforme Mindful Garden Yoga Mat & Travel Mat Bundle",liforme,,,,,,,"Eco-Friendly; Lightweight; Alignment Marks",,14834011013496
manduka-manduka-pro-yoga-mat,"Manduka PRO™ Yoga Mat 6mm",manduka,,6,172.72,,,,"Extra Thick; Antimicrobial; Closed-Cell",,4357742755898
manduka-prolite-yoga-mat,"PROlite® Yoga Mat 4.7mm",manduka,,4.7,180.34,,,,"Eco-Friendly; Extra Thick; Closed-Cell",,4357742690362
manduka-eko-yoga-mat-5mm,"eKO® Yoga Mat 5mm",manduka,,5,180.34,,,,"Eco-Friendly; Non-Slip; Alignment Marks; Closed-Cell",,4487155056698
manduka-grp-adapt-2-0-yoga-mat-5mm,"GRP® Adapt 2.0 Yoga Mat 5mm",manduka,,5,180.34,,,,"",,7481303269434
manduka-grp-adapt-lite-2-0-yoga-mat-4mm,"GRP® Adapt Lite 2.0 Yoga Mat 4mm",manduka,,4,180.34,,,,"",,7481311395898
manduka-eko-lite-yoga-mat-4mm,"eKO® lite Yoga Mat 4mm",manduka,,4,180.34,,,Natural Rubber,"Extra Thick; Non-Slip; Lightweight",,2519958290490
manduka-eko-superlite-travel-yoga-mat,"eKO® Superlite Travel Yoga Mat 1.5mm",manduka,,1.5,180.34,,,Natural Rubber,"Non-Slip; Lightweight",,4357743476794
manduka-grp®-adapt-travel-yoga-mat-1-5mm,"GRP® Adapt Travel Yoga Mat 1.5mm",manduka,,1.5,180.34,,,,"Non-Slip; Lightweight",,7372098895930
manduka-pro-travel-yoga-mat,"PRO Travel Yoga Mat 2mm",manduka,,2,180.34,,1.0886229826455354,,"Eco-Friendly; Non-Slip; Lightweight; Extra Wide; Closed-Cell",,2519968645178
manduka-pro-squared-yoga-mat,"PRO® Squared Yoga Mat 6mm",manduka,,6,78,78,,,"Extra Thick",,6571125211194
manduka-pro-long-wide-yoga-mat,"PRO® Long & Wide Yoga Mat 6mm",manduka,,6,79,52,,,"Extra Thick; Extra Wide",,7138656354362
manduka-prolite-long-wide-yoga-mat,"PROlite® Long & Wide Yoga Mat 4.7mm",manduka,,4.7,79,30,,,"Extra Thick; Extra Wide",,7138656387130
manduka-manduka-x-yoga-mat-5mm,"Manduka X Yoga Mat 5mm",manduka,,5,180.34,,,,"Non-Slip",,4357761073210
manduka-begin-yoga-mat-5mm,"begin yoga mat 5mm",manduka,,5,172.72,,,,"Reversible; Extra Thick; Lightweight; Alignment Marks",,2519968153658
manduka-shala-yoga-rug,"Shala Yoga Rug",manduka,,,71,26,,,"Eco-Friendly",,7297354825786
manduka-eko®-yoga-mat-5mm-2-0,"eKO® Yoga Mat 5mm (SALE)",manduka,,5,180.34,,,,"Eco-Friendly; Non-Slip; Alignment Marks; Closed-Cell",,7476532183098
okoliving-chakraalign,"Chakra Align - Herbal Yoga Mat, 7mm",okoliving,,7,195.58,68.58,1.814371637742559,Cotton,"Eco-Friendly; Extra Thick; Antimicrobial",,8613351620850
okoliving-yin-yang-amethyst,"Yin-Yang Amethyst - Naturally Dyed Herbal Yoga Mat 7mm",okoliving,,7,195.58,68.58,1.814371637742559,Cotton,"Eco-Friendly; Extra Thick; Antimicrobial",,8543398953202
okoliving-yin-yang-clay,"Yin-Yang Clay - Naturally Dyed Herbal Yoga Mat 7mm",okoliving,,7,195.58,68.58,1.814371637742559,Cotton,"Eco-Friendly; Extra Thick; Antimicrobial",,8543328927986
okoliving-solarflower,"Solar Flower - Naturally Dyed Herbal Yoga Mat 7mm",okoliving,,7,195.58,68.58,1.814371637742559,Cotton,"Eco-Friendly; Extra Thick; Antimicrobial",,8744090730738
okoliving-diamond-yoga-mat-clay-7mm,"Diamond Yoga Mat - Clay 7mm - Organic Cotton",okoliving,,7,187.96,68.58,1.9504495105732509,Natural Rubber,"Eco-Friendly; Extra Thick; Non-Slip; Extra Long; Extra Wide; Antimicrobial; Premium",,8102583206130
okoliving-chakra,"Chakra Energy - Herbal Yoga Mat",okoliving,,5,187.96,68.58,1.542215892081175,Cotton,"Eco-Friendly; Antimicrobial",,5980177399968
okoliving-clay,"Clay - Naturally Dyed Herbal Yoga Mat",okoliving,,5,187.96,68.58,1.542215892081175,Cotton,"Eco-Friendly; Antimicrobial",,4461964689501
okoliving-jade-jute-5mm,"Jade & Jute - Naturally Dyed Herbal Yoga Mat",okoliving,,5,187.96,68.58,1.542215892081175,Cotton,"Eco-Friendly; Non-Slip; Lightweight; Antimicrobial",,7678629839090
okoliving-indigo-moon,"Indigo Moon - Naturally Dyed Herbal Yoga Mat",okoliving,,5,187.96,68.58,1.542215892081175,Cotton,"Eco-Friendly; Antimicrobial",,5498001686688
okoliving-diamond-yoga-mat-clay-cream,"Diamond Yoga Mat - Clay & Cream 7mm",okoliving,,7,187.96,68.58,1.9504495105732509,Natural Rubber,"Eco-Friendly; Extra Thick; Non-Slip; Extra Long; Extra Wide; Antimicrobial; Premium",,8033485324530
okoliving-thirdeyechakra,"Third Eye - Chakra 7mm",okoliving,,7,195.58,68.58,2.041168092460379,Cotton,"Eco-Friendly; Extra Thick; Antimicrobial",,8836359389426
okoliving-emerald,"Emerald - Naturally Dyed Herbal Yoga Mat",okoliving,,5,187.96,68.58,1.542215892081175,Cotton,"Eco-Friendly; Antimicrobial",,8888968544498
okoliving-thirdeyeclay,"Third Eye - Clay 7mm",okoliving,,7,195.58,68.58,2.041168092460379,Cotton,"Eco-Friendly; Extra Thick; Antimicrobial",,8836328882418
okoliving-rose-quartz,"Rose Quartz - Naturally Dyed Herbal Yoga Mat",okoliving,,5,187.96,68.58,1.542215892081175,Cotton,"Eco-Friendly; Antimicrobial",,4461765951581
okoliving-sunstone,"Sunstone - Naturally Dyed Herbal Yoga Mat",okoliving,,5,187.96,68.58,1.542215892081175,Cotton,"Eco-Friendly; Antimicrobial",,7458485567730
okoliving-jade-jute-travel,"Jade & Jute - Travel Yoga Mat",okoliving,,3,,,0.9071858188712795,Cotton,"Eco-Friendly; Non-Slip; Lightweight; Antimicrobial",,7458519613682
okoliving-clay-travel-mat,"Clay - Travel Yoga Mat",okoliving,,3,,,1.1339822735890994,Cotton,"Eco-Friendly; Non-Slip; Lightweight; Antimicrobial",,7921829413106
okoliving-herbal-yoga-mat,"Organic Cotton Herbal Yoga Mat",okoliving,,3,,,1.814371637742559,Cotton,"Eco-Friendly; Extra Thick; Non-Slip; Lightweight; Antimicrobial",,7948116525298
scoria-mountain-lion-cork-mat-3-5mm,"Mountain Lion Cork Yoga Mat | 3.5MM OR 4.5MM",scoria,,3.5,182.88,66.04,2.8,Natural Rubber,"Non-Slip; Extra Wide; Antimicrobial",,1521966415915
scoria-blossom-cork-yoga-mat,"Blossom Cork Yoga Mat | 4.5MM",scoria,,4.5,182.88,66.04,3.1,Natural Rubber,"Non-Slip; Extra Wide; Antimicrobial",,1314895757355
scoria-tree-of-life-cork-yoga-mat-4-5mm,"Tree of Life Alignment Cork Yoga Mat | 4.5MM",scoria,,4.5,182.88,66.04,3.1,Natural Rubber,"Non-Slip; Extra Wide; Alignment Marks; Antimicrobial",,6589050126379
scoria-botanicals-cork-yoga-mat,"Botanicals Cork Yoga Mat | 4.5MM",scoria,,4.5,182.88,66.04,3.1,Natural Rubber,"Non-Slip; Extra Wide; Antimicrobial",,1373341941803
scoria-essential-cork-yoga-mat,"Standard Essential Cork Yoga Mat",scoria,,3.5,182.88,66.04,2.9,Natural Rubber,"Non-Slip; Extra Wide; Antimicrobial",,1356964200491
scoria-flying-dragon-cork-yoga-mat-4-5mm,"Flying Dragon Cork Yoga Mat | 4.5MM",scoria,,4.5,182.88,66.04,3.1,Natural Rubber,"Non-Slip; Extra Wide; Antimicrobial",,7312228581419
scoria-moon-phases-cork-mat,"Moon Phases Cork Yoga Mat | 4.5MM",scoria,,4.5,182.88,66.04,3.1,Natural Rubber,"Non-Slip; Extra Wide; Antimicrobial",,1833914859563
scoria-summit-peak-cork-yoga-mat-4-5mm,"Summit Peak Cork Yoga Mat | 4.5MM",scoria,,4.5,182.88,66.04,3.1,Natural Rubber,"Non-Slip; Extra Wide; Antimicrobial",,7102542839851
scoria-night-bear,"Night Bear Cork Yoga Mat | 4.5MM | Collab Edition",scoria,,4.5,182.88,66.04,3.1,Natural Rubber,"Non-Slip; Extra Wide; Antimicrobial",,1839977332779
scoria-power-bear-cork-yoga-mat-3-5mm,"Day Bear Cork Yoga Mat | 3.5MM",scoria,,3.5,182.88,66.04,2.9,Natural Rubber,"Non-Slip; Extra Wide; Antimicrobial",,1857071087659
scoria-chakra-alignment-cork-yoga-mat-4-5mm,"Chakras Alignment Cork Yoga Mat | 4.5MM",scoria,,4.5,182.88,66.04,3.1,Natural Rubber,"Non-Slip; Extra Wide; Alignment Marks; Antimicrobial",,1838631125035
scoria-myco-forest-cork-yoga-mat-4-5mm,"Myco Forest Cork Yoga Mat | 4.5MM",scoria,,4.5,182.88,66.04,3.1,Natural Rubber,"Eco-Friendly; Non-Slip; Extra Wide; Antimicrobial",,7084675203115
scoria-butterfly-cork-yoga-mat-4-5mm,"Butterfly Cork Yoga Mat | 4.5MM",scoria,,4.5,182.88,66.04,3.1,Natural Rubber,"Non-Slip; Extra Wide; Antimicrobial",,6589049569323
scoria-mandala-cork-yoga-mat-4-5mm-collab-edition,"Mandala Cork Yoga Mat | 4.5MM | Collab Edition",scoria,,4.5,182.88,66.04,3.1,Natural Rubber,"Eco-Friendly; Non-Slip; Extra Wide; Antimicrobial",,6589049798699
scoria-owl-cork-yoga-mat-4-5mm,"Owl Cork Yoga Mat | 4.5MM",scoria,,4.5,182.88,66.04,3.1,Natural Rubber,"Non-Slip; Extra Wide; Antimicrobial",,6589050290219
scoria-revolve-cork-yoga-mat,"Revolve Cork Yoga Mat | 4.5MM",scoria,,4.5,182.88,66.04,3.1,Natural Rubber,"Non-Slip; Extra Wide; Antimicrobial",,1347082321963
scoria-unicorn-adults-cork-yoga-mat-3-5mm,"Unicorn Adults Cork Yoga Mat | 4.5MM",scoria,,4.5,182.88,66.04,2.9,Natural Rubber,"Non-Slip; Extra Wide; Antimicrobial",,4852349698091
scoria-alignment-yoga-mat,"Inner Child Alignment Cork Yoga Mat | 3.5MM",scoria,,3.5,182.88,66.04,2.9,Natural Rubber,"Non-Slip; Extra Wide; Alignment Marks; Antimicrobial",,9021239245
scoria-connection-yoga-mat,"Connection Cork Yoga Mat | 3.5MM",scoria,,3.5,182.88,66.04,2.9,Natural Rubber,"Non-Slip; Extra Wide; Alignment Marks; Antimicrobial",,9022646605
scoria-travel-essential-cork-yoga-mat-2mm,"Travel Essential Cork Yoga Mat | 2MM",scoria,,2,182.88,60.96,1.9,Natural Rubber,"Non-Slip; Lightweight; Antimicrobial",,4352384335915
scoria-travel-chakras-alignment-cork-yoga-mat-2mm,"Travel Artist Cork Yoga Mat | 2MM",scoria,,2,182.88,60.96,1.9,Natural Rubber,"Non-Slip; Lightweight; Antimicrobial",,6779477524523
scoria-x-wide-essential-cork-yoga-mat-4-5mm,"X-WIDE Essential Cork Yoga Mat | 4.5MM",scoria,,4.5,182.88,76.2,4,Natural Rubber,"Non-Slip; Extra Wide",,6770934972459
scoria-tall-essential-cork-yoga-mat-3-5mm-6-8-tall,"X-TALL Cork Yoga Mat | 6′7 | 4.5MM",scoria,,4.5,203.2,71.12,4.4,Natural Rubber,"Non-Slip; Antimicrobial",,4376449581099
scoria-x-large-printed-blossom,"X-TALL Blossom Cork Yoga Mat | 6'7 long | 4.5MM",scoria,,4.5,203.2,71.12,4.4,Natural Rubber,"Non-Slip; Antimicrobial",,4484404969515
scoria-x-tall-moon-phases-cork-yoga-mat-67-long-4-5mm,"X-Tall Moon Phases Cork Yoga Mat | 6'7 long | 4.5MM",scoria,,4.5,203.2,71.12,4.4,Natural Rubber,"Non-Slip; Antimicrobial",,7323631288363
scoria-extra-thick-essential-cork-yoga-mat-6mm,"X-Thick Essential Cork Yoga Mat | 6MM",scoria,,6,182.88,66.04,4.5,Natural Rubber,"Extra Thick; Non-Slip; Extra Wide",,4403549929515
scoria-x-thick-moon-phases-cork-yoga-mat-6mm,"X-Thick Moon Phases Cork Yoga Mat | 6MM",scoria,,6,182.88,66.04,4,Natural Rubber,"Extra Thick; Non-Slip; Extra Wide; Antimicrobial",,7293624909867
scoria-tree-of-life-alignment-cork-yoga-mat-6mm,"X-Thick Tree of Life Alignment Cork Yoga Mat | 6MM",scoria,,6,182.88,66.04,4,Natural Rubber,"Extra Thick; Non-Slip; Extra Wide; Alignment Marks; Antimicrobial",,6779468775467
scoria-x-thick-botanicals-cork-yoga-mat-6mm,"X-Thick Botanicals Cork Yoga Mat | 6MM",scoria,,6,182.88,66.04,4,Natural Rubber,"Extra Thick; Non-Slip; Extra Wide; Antimicrobial",,6541948289067
scoria-x-thick-mycoforest-cork-yoga-mat-6mm,"X-Thick Myco Forest Cork Yoga Mat | 6MM",scoria,,6,182.88,66.04,4,Natural Rubber,"Eco-Friendly; Extra Thick; Non-Slip; Extra Wide; Antimicrobial",,7399161757739
scoria-x-thick-butterfly-cork-yoga-mat-6mm,"X-Thick Butterfly Cork Yoga Mat | 6MM",scoria,,6,182.88,66.04,4,Natural Rubber,"Extra Thick; Non-Slip; Extra Wide; Antimicrobial",,7399178600491
scoria-biggest-essential-cork-yoga-mat-6mm,"BIGGEST Essential Cork Yoga Mat | 6MM",scoria,,6,203.2,76.2,5.5,Natural Rubber,"Extra Thick; Non-Slip; Extra Wide; Antimicrobial",,6770953584683
scoria-biggest-botanicals-cork-yoga-mat-6mm,"Biggest Botanicals Cork Yoga Mat | 6MM",scoria,,6,203.2,76.2,5,Natural Rubber,"Extra Thick; Non-Slip; Extra Wide; Antimicrobial",,7102543167531
scoria-biggest-tree-of-life-cork-yoga-mat-6mm,"Biggest Tree of Life Cork Yoga Mat | 6MM",scoria,,6,203.2,76.2,5,Natural Rubber,"Extra Thick; Non-Slip; Extra Wide; Antimicrobial",,7396267294763
scoria-childrens-big-cork-yoga-mat,"Kids Align Play & Cork Yoga Mat",scoria,,3,149.86,58.42,2,Natural Rubber,"Non-Slip; Antimicrobial",,11053491405
scoria-kids-essential-non-toxic-cork-yoga-play-mat-big,"Kids Essential Play & Cork Yoga Mat",scoria,,3,149.86,58.42,2,Natural Rubber,"Non-Slip; Antimicrobial",,6589049274411
scoria-kids-space-non-toxic-cork-yoga-play-mat-big,"Kids Space Play & Cork Yoga Mat",scoria,,3,149.86,58.42,2,Natural Rubber,"Non-Slip; Antimicrobial",,4351958089771
scoria-kids-unicorn-non-toxic-cork-yoga-play-mat-big,"Kids Unicorn Play & Cork Yoga Mat",scoria,,3,149.86,58.42,2,Natural Rubber,"Non-Slip; Antimicrobial",,4351954616363
scoria-essential-round-yoga-mat-multi-use-53-dia,"Essential Round Cork Yoga Mat | Multi-use | 53"" dia",scoria,,4.5,,,4,Natural Rubber,"Non-Slip; Lightweight; Antimicrobial",,7396275290155
scoria-solar-bloom-round-yoga-mat-multi-use-53-dia,"Solar Bloom Round Cork Yoga Mat | Multi-use | 53"" dia",scoria,,4.5,,,4,Natural Rubber,"Non-Slip; Lightweight; Antimicrobial",,7396275257387
scoria-blue-petals-round-yoga-mat-multi-use-53-dia,"Blue Petals Round Cork Yoga Mat | Multi-use | 53"" dia",scoria,,4.5,,,4,Natural Rubber,"Non-Slip; Lightweight; Antimicrobial",,7396274307115
scoria-soft-skies-round-yoga-mat-multi-use-53-dia,"Soft Skies Round Cork Yoga Mat | Multi-use | 53"" dia",scoria,,4.5,,,4,Natural Rubber,"Non-Slip; Lightweight; Antimicrobial",,7396272308267
scoria-color-strokes-round-yoga-or-baby-mat-multi-use-47-dia,"Brush Strokes Round Cork Yoga Mat or Baby Mat | Multi-use | 47"" dia",scoria,,4.5,,,4,Natural Rubber,"Non-Slip; Lightweight; Antimicrobial",,7396269719595
scoria-elephant-walk-round-baby-mat-play-stretch-47-dia,"Elephant Walk Round Baby Mat - Cork Yoga Mat | Play & Stretch | 47"" dia",scoria,,4.5,,,4,Natural Rubber,"Non-Slip; Lightweight; Antimicrobial",,7396227121195
sensu-foam-roller-set,"9-in-1 Foam Roller Set",sensu,,,,,6.8038936415345965,Natural Rubber,"Eco-Friendly; Lightweight; Extra Wide",,4541386293387
sensu-large-exercise-mat-6-x-4-x-8-5mm,"Large Exercise Mat",sensu,,8.5,6,4,,PVC,"Eco-Friendly; Extra Thick; Extra Wide",,6178684993685
sensu-large-yoga-mat-6-x-4-x-9mm,"Large Yoga Mat",sensu,,7,,,,PVC,"Eco-Friendly; Extra Thick; Non-Slip; Lightweight; Extra Wide",,6177838923925
shaktiwarrior-recycled-pu-yoga-mat-sage,"Recycled PU Yoga Mat - Sage",shaktiwarrior,,,,182.88,,Natural Rubber,"Eco-Friendly; Non-Slip; Alignment Marks",,7380228571202
shaktiwarrior-recycled-pu-yoga-mat-firestone,"Recycled PU Yoga Mat - Firestone",shaktiwarrior,,,,182.88,,Natural Rubber,"Eco-Friendly; Non-Slip",,7380222967874
shaktiwarrior-recycled-pu-yoga-mat-moonbeam,"Recycled PU Yoga Mat - Moonbeam",shaktiwarrior,,,,182.88,,Natural Rubber,"Eco-Friendly; Non-Slip; Alignment Marks",,7380221689922
shaktiwarrior-recycled-pu-yoga-mat-earthstone,"Recycled PU Yoga Mat - Earthstone",shaktiwarrior,,,,182.88,,Natural Rubber,"Eco-Friendly; Non-Slip; Alignment Marks",,7379928350786
shaktiwarrior-chakra-pro,"Cork Yoga Mat - Chakra",shaktiwarrior,,,182.88,,,Natural Rubber,"Eco-Friendly; Non-Slip",,102427983891
shaktiwarrior-sahasrara-pro,"Cork Yoga Mat - Sahasrara",shaktiwarrior,,,182.88,,,Cork,"Eco-Friendly; Non-Slip",,4774451576898
shaktiwarrior-tpe-yoga-mat-akasa,"TPE Yoga Mat - Akasa",shaktiwarrior,,6,182.88,,,TPE,"Eco-Friendly; Extra Thick; Non-Slip",,7220116914242
shaktiwarrior-chakra-shanti-pu-yoga-mat,"Recycled PU Yoga Mat - Chakra",shaktiwarrior,,,,182.88,,Natural Rubber,"Eco-Friendly; Non-Slip",,6840115822658
shaktiwarrior-anahata-shanti-pu-yoga-mat,"Recycled PU Yoga Mat - Anahata",shaktiwarrior,,,,182.88,,Natural Rubber,"Eco-Friendly; Non-Slip",,6840112808002
shaktiwarrior-sahasrara-hemp,"Hemp Yoga Mat - Sahasrara",shaktiwarrior,,,182.88,,,,"Eco-Friendly; Non-Slip",,4704917585986
shaktiwarrior-sahasrara-pu-wide-yoga-mat,"Recycled PU Yoga Mat - Sahasrara",shaktiwarrior,,,,182.88,,Natural Rubber,"Eco-Friendly; Extra Wide",,6735189114946
shaktiwarrior-anahata-hemp,"Hemp Yoga Mat - Anahata",shaktiwarrior,,,182.88,,,,"Eco-Friendly; Non-Slip",,4766902714434
shaktiwarrior-shivshakti-pro,"Cork Yoga Mat - Shivshakti",shaktiwarrior,,,182.88,,,Cork,"Eco-Friendly; Non-Slip",,2013180133442
shaktiwarrior-sacred-rubber,"Recycled Suede Yoga Mat - Sacred",shaktiwarrior,,,182.88,,,Natural Rubber,"Eco-Friendly; Extra Thick; Non-Slip",,4704901431362
shaktiwarrior-ajna-pro,"Recycled Suede Yoga Mat - Ajna",shaktiwarrior,,,182.88,,,Natural Rubber,"Eco-Friendly; Non-Slip",,4704877379650
shaktiwarrior-kundalini,"Recycled Suede Yoga Mat - Kundalini",shaktiwarrior,,1,182.88,,,Natural Rubber,"Eco-Friendly; Non-Slip",,4704857555010
shaktiwarrior-samskara,"TPE Yoga Mat - Samskara",shaktiwarrior,,6,182.88,,,TPE,"Eco-Friendly; Extra Thick; Non-Slip",,4499946242114
shaktiwarrior-lotus,"Recycled Suede Yoga Mat - Lotus",shaktiwarrior,,,182.88,,,,"Eco-Friendly; Non-Slip",,4704850116674
shaktiwarrior-sahasrara,"TPE Yoga Mat - Sahasrara",shaktiwarrior,,6,182.88,,,TPE,"Eco-Friendly; Extra Thick",,4704820887618
shaktiwarrior-ajna,"TPE Yoga Mat - Ajna",shaktiwarrior,,6,182.88,,,TPE,"Eco-Friendly; Extra Thick; Non-Slip",,4704518471746
shaktiwarrior-samskara-hemp,"Hemp Yoga Mat - Samskara",shaktiwarrior,,,182.88,,,Natural Rubber,"Eco-Friendly; Non-Slip",,4490546020418
shaktiwarrior-chakra-hemp,"Hemp Yoga Mat - Chakra",shaktiwarrior,,,182.88,,,Natural Rubber,"Eco-Friendly; Non-Slip",,4489858154562
shaktiwarrior-samskara-pro,"Cork Yoga Mat - Samskara",shaktiwarrior,,,182.88,,,Cork,"Eco-Friendly; Non-Slip",,2013231972418
shaktiwarrior-mandala-pro,"Cork Yoga Mat - Mandala",shaktiwarrior,,,182.88,,,Natural Rubber,"Non-Slip",,2013167878210
shaktiwarrior-aum,"Cork Yoga Mat - Aum",shaktiwarrior,,,182.88,,,Cork,"Non-Slip",,1691037532226
shaktiwarrior-chakra-yoga-mat,"TPE Yoga Mat - Chakra",shaktiwarrior,,6,182.88,,,TPE,"Eco-Friendly; Extra Thick; Non-Slip; Alignment Marks",,102427951123
shaktiwarrior-zakti,"Recycled Suede Yoga Mat - Zakti",shaktiwarrior,,,182.88,,,Natural Rubber,"Eco-Friendly; Non-Slip",,102427885587
shaktiwarrior-jnana-yoga-mat,"TPE Yoga Mat - Jnana",shaktiwarrior,,6,182.88,,,TPE,"Eco-Friendly; Extra Thick; Non-Slip",,102427852819
shaktiwarrior-akasa-pro,"Cork Yoga Mat - Akasa",shaktiwarrior,,,182.88,,,Cork,"Eco-Friendly; Non-Slip",,102427787283
shaktiwarrior-hemp-yoga-mat-firestone,"Hemp Yoga Mat - Firestone",shaktiwarrior,,,182.88,,,Natural Rubber,"Eco-Friendly; Non-Slip",,7494628409410
shaktiwarrior-hemp-yoga-mat-moonbeam,"Hemp Yoga Mat - Moonbeam",shaktiwarrior,,,182.88,,,Natural Rubber,"Eco-Friendly; Non-Slip",,7495728660546
shaktiwarrior-hemp-yoga-mat-river,"Hemp Yoga Mat - River",shaktiwarrior,,,182.88,,,Natural Rubber,"Eco-Friendly; Non-Slip",,7495737212994
stakt-the-stakt-mat-pro,"The Stakt Mat Pro",stakt,,12,,,,,"Non-Slip; Premium",,8037178015926
stakt-the-mat,"The Stakt Mat",stakt,,12,,,,,"Lightweight",,6599577534646
stakt-the-strength-set,"The Strength Set",stakt,,,,,,,"",,8106896621750
stakt-the-stakt-starter-set,"The Stakt Starter Set",stakt,,,,,,,"Lightweight",,8099435675830
stakt-the-bring-stakt-anywhere-set,"The Bring Stakt Anywhere Set",stakt,,,,,,,"Lightweight",,8354102050998
stakt-the-holiday-gift-set,"The New Year Set",stakt,,,,,,,"Non-Slip",,8354083143862
stakt-the-pilates-set,"The Pilates Set",stakt,,,,,,,"",,8100530258102
stakt-stakt-mat-pro-xl,"The Stakt Mat Pro XL",stakt,,,203.2,71.12,,,"Extra Wide; Premium",,8384218300598
thesatoriconcept-the-peaceful-mountain-cork-yoga-mat,"Peaceful Mountain Cork Yoga Mat",thesatoriconcept,,,182.88,66.04,,Cork,"Extra Wide",,6629890588857
thesatoriconcept-garden-of-flower-cork-yoga-mat,"Garden of Flower Cork Yoga Mat",thesatoriconcept,,,,,,Cork,"Eco-Friendly",,6782422679737
thesatoriconcept-satoriconcept-original-cork-yoga-mat,"Original Cork Yoga Mat",thesatoriconcept,,,,,,Cork,"Eco-Friendly",,6235203731641
thesatoriconcept-7-chakras-cork-yoga-mat,"7 Chakras Cork Yoga Mat",thesatoriconcept,,,,,,Cork,"Non-Slip",,6235261796537
thesatoriconcept-koi-fish-cork-yoga-mat,"KOI Fish Cork Yoga Mat",thesatoriconcept,,,,,,Cork,"Eco-Friendly",,7912633827513
thesatoriconcept-extra-large-cork-yoga-mat,"XL Original Cork Yoga Mat (80""x26""x6mm)",thesatoriconcept,,6,203.2,66.04,,Cork,"Eco-Friendly; Extra Thick; Extra Wide",,7973685100729
thesatoriconcept-xl-6mm-mountain-cork-mat,"XL Mountain Mat (80""x26""x6mm)",thesatoriconcept,,6,203.2,66.04,,,"Extra Thick; Extra Wide",,8012567740601
thesatoriconcept-xl-four-elements-cork-yoga-mat-80x26x6mm,"XL Four Elements Cork Yoga Mat (80""x26""x6mm)",thesatoriconcept,,6,203.2,66.04,,Cork,"Extra Thick; Extra Wide; Alignment Marks",,8051058639033
thesatoriconcept-xl-phoenix-cork-yoga-mat,"XL Phoenix Cork Yoga Mat (80""x26""x6mm)",thesatoriconcept,,6,203.2,66.04,,Cork,"Extra Thick; Extra Wide",,8173484638393
thesatoriconcept-xl-phoenix-cork-yoga-mat-80x26x6mm-copy,"XL Blue Whale Cork Yoga Mat (80""x26""x6mm)",thesatoriconcept,,6,203.2,66.04,,Cork,"Extra Thick; Extra Wide; Alignment Marks",,8211331055801
thesatoriconcept-xl-blue-whale-cork-yoga-mat-80x26x6mm-copy,"XL The Earth Cork Yoga Mat (80""x26""x6mm)",thesatoriconcept,,6,203.2,66.04,,Cork,"Eco-Friendly; Extra Thick; Extra Wide; Alignment Marks",,8261229609145
thesatoriconcept-vegan-suede-yoga-mat-forest,"Yoga Mat Forest Design",thesatoriconcept,,,,,,,"Eco-Friendly; Lightweight; Premium",,7931802943673
woloyoga-ascend-yoga-mat,"Ascend Mat 4mm",woloyoga,,4,,,,Natural Rubber,"Reversible; Non-Slip",,8333492650180
woloyoga-mastery-yoga-mat,"Mastery Mat 4mm",woloyoga,,4,,,,Natural Rubber,"Non-Slip",,8210934399172
woloyoga-away-travel-mat,"Away Travel Mat 1.5mm",woloyoga,,1.5,,,,Natural Rubber,"Non-Slip; Lightweight",,8247536746692
woloyoga-dual-flow-bundle,"Dual Flow Bundle",woloyoga,,,,,,,"Non-Slip",,8210944131268
woloyoga-travel-flow-bundle,"Travel Flow Bundle",woloyoga,,,,,,,"Lightweight",,8347884716228
woloyoga-complete-flow-bundle,"Complete Flow Bundle",woloyoga,,,,,,,"Lightweight",,8347909095620
woloyoga-elevate-flow-bundle,"Elevate Flow Bundle",woloyoga,,,,,,,"",,8394648355012
woloyoga-the-ritual-bundle,"The Ritual Bundle",woloyoga,,,,,,Cork,"",,8394821664964
yogadesignlab-combo-yoga-mat-celestial,"Combo Yoga Mat - Celestial",yogadesignlab,,1.5,,,,Natural Rubber,"Eco-Friendly; Non-Slip",,7140703764639
yogadesignlab-combo-yoga-mat-aegean-green,"Combo Yoga Mat - Aegean Green",yogadesignlab,,3.5,,,,Natural Rubber,"Eco-Friendly; Non-Slip",,6969327321247
yogadesignlab-combo-yoga-mat-breathe,"Combo Yoga Mat - Breathe",yogadesignlab,,1.5,,,,Natural Rubber,"Eco-Friendly; Non-Slip; Lightweight",,6969263358111
yogadesignlab-cork-yoga-mat-mandala-black,"Cork Yoga Mat - Mandala Black",yogadesignlab,,1.5,,,,Natural Rubber,"Eco-Friendly; Non-Slip; Lightweight; Antimicrobial; Premium",,6994960449695
yogadesignlab-combo-yoga-mat-tribeca-sand,"Combo Yoga Mat - Tribeca Sand",yogadesignlab,,1.5,,,,Natural Rubber,"Eco-Friendly; Non-Slip; Lightweight",,6963795329183
yogadesignlab-combo-yoga-mat-geo,"Combo Yoga Mat - Geo",yogadesignlab,,1.5,,,,Natural Rubber,"Eco-Friendly; Non-Slip",,7071235014815
yogadesignlab-infinity-yoga-mat-5mm-night,"Infinity Yoga Mat - Night",yogadesignlab,,5,,,,Natural Rubber,"Eco-Friendly; Extra Thick; Non-Slip; Alignment Marks; Premium",,7147167645855
yogadesignlab-combo-yoga-mat-kids-geo,"Kids Combo Yoga Mat - Geo",yogadesignlab,,4,152.4,60.96,,Natural Rubber,"Eco-Friendly; Non-Slip",,6028531204255
yogadesignlab-infinity-yoga-mat-mandala-teal,"Infinity Yoga Mat - Mandala Teal",yogadesignlab,,3,,,,Natural Rubber,"Eco-Friendly; Extra Thick; Non-Slip",,6997229011103
yogadesignlab-infinity-yoga-mat-mandala-charcoal,"Infinity Yoga Mat - Mandala Charcoal",yogadesignlab,,3,,,,Natural Rubber,"Eco-Friendly; Extra Thick; Non-Slip",,6997211938975
yogadesignlab-combo-yoga-mat-mandala-turquoise,"Combo Yoga Mat - Mandala Turquoise",yogadesignlab,,1.5,,,,Natural Rubber,"Eco-Friendly; Non-Slip",,6969135497375
yogadesignlab-combo-yoga-mat-mandala-black,"Combo Yoga Mat - Mandala Black",yogadesignlab,,1.5,,,,Natural Rubber,"Eco-Friendly; Non-Slip",,6969085591711
yogadesignlab-combo-yoga-mat-boho-glow,"Combo Yoga Mat - Boho Glow",yogadesignlab,,1.5,,,,Natural Rubber,"Eco-Friendly; Non-Slip",,10564073095327
yogadesignlab-combo-yoga-mat-kids-geo-blue,"Kids Combo Yoga Mat - Geo Blue",yogadesignlab,,4,,,1.6,Natural Rubber,"Eco-Friendly; Non-Slip; Lightweight",,6028531105951
yogadesignlab-combo-yoga-mat-pearl,"Combo Yoga Mat - Pearl",yogadesignlab,,3.5,,,,Natural Rubber,"Eco-Friendly; Non-Slip; Premium",,7342039105695
yogadesignlab-combo-yoga-mat-iris,"Combo Yoga Mat - Iris",yogadesignlab,,1.5,,,,Natural Rubber,"Eco-Friendly; Non-Slip",,9121020248223
yogadesignlab-infinity-yoga-mat-mandala-rose,"Infinity Yoga Mat - Mandala Rose",yogadesignlab,,3,,,,Natural Rubber,"Eco-Friendly; Extra Thick; Non-Slip; Premium",,6997085421727
yogadesignlab-combo-yoga-mat-rose,"Combo Yoga Mat - Rose",yogadesignlab,,1.5,,,,Natural Rubber,"Eco-Friendly; Non-Slip",,10555079229599
yogadesignlab-cork-yoga-mat-natural-balance,"Cork Yoga Mat - Natural Balance",yogadesignlab,,1.5,,,,Natural Rubber,"Eco-Friendly; Non-Slip; Lightweight; Alignment Marks; Antimicrobial; Premium",,10711948787871
yogadesignlab-combo-yoga-mat-jungle-harmony,"Combo Yoga Mat - Jungle Harmony",yogadesignlab,,3.5,,,,Natural Rubber,"Eco-Friendly; Non-Slip",,10555079655583
yogadesignlab-cork-yoga-mat-1-5mm-mandala-black,"Travel Cork Yoga Mat - Mandala Black",yogadesignlab,,1.5,,,1.6,Natural Rubber,"Eco-Friendly; Non-Slip; Lightweight; Extra Wide; Alignment Marks; Closed-Cell",,6028530155679
yogadesignlab-combo-yoga-mat-xl-celestial,"Combo Yoga Mat XL - Celestial",yogadesignlab,,,,,,Natural Rubber,"Eco-Friendly; Non-Slip; Extra Wide",,10824910045343
yogadesignlab-combo-yoga-mat-earth-green,"Combo Yoga Mat - Earth Green",yogadesignlab,,3.5,,,,Natural Rubber,"Eco-Friendly; Non-Slip; Lightweight",,7341224132767
yogadesignlab-combo-yoga-mat-zenith,"Combo Yoga Mat - Zenith",yogadesignlab,,1.5,,,,Natural Rubber,"Eco-Friendly; Non-Slip",,10711758143647
yogadesignlab-combo-yoga-mat-zen-zebra,"Combo Yoga Mat - Zen Zebra",yogadesignlab,,3.5,,,,Natural Rubber,"Eco-Friendly; Non-Slip",,10555079622815
yogadesignlab-combo-yoga-mat-butterfly-glow,"Combo Yoga Mat - Butterfly Glow",yogadesignlab,,1.5,,,,Natural Rubber,"Eco-Friendly; Non-Slip; Alignment Marks",,10564073554079
yogadesignlab-infinity-yoga-mat-5mm-diamond-align-navy,"Infinity Yoga Mat - Diamond Align Navy",yogadesignlab,,5,,,,Natural Rubber,"Eco-Friendly; Non-Slip",,7328051986591
yogadesignlab-combo-yoga-mat-1-5mm-geo,"Travel Combo Yoga Mat - Geo",yogadesignlab,,1.5,,,,Natural Rubber,"Eco-Friendly; Non-Slip; Lightweight",,6028531302559
yogadesignlab-kids-combo-yoga-mat-jungle,"Kids Combo Yoga Mat - Jungle",yogadesignlab,,4,152.4,60.96,,Natural Rubber,"Eco-Friendly; Non-Slip",,10560115671199
yogadesignlab-combo-yoga-mat-crystal,"Combo Yoga Mat - Crystal",yogadesignlab,,1.5,,,,Natural Rubber,"Eco-Friendly; Non-Slip",,10555078541471
yogadesignlab-infinity-yoga-mat-5mm-diamond-align-coral,"Infinity Yoga Mat - Diamond Align Coral",yogadesignlab,,5,,,,Natural Rubber,"Eco-Friendly; Non-Slip",,7328051822751
yogadesignlab-combo-yoga-mat-1-5mm-mandala-turquoise,"Travel Combo Yoga Mat - Mandala Turquoise",yogadesignlab,,1.5,,,,Natural Rubber,"Eco-Friendly; Non-Slip; Lightweight",,6028531761311
yogadesignlab-combo-yoga-mat-1-5mm-mandala-black,"Travel Combo Yoga Mat - Mandala Black",yogadesignlab,,1.5,,,,Natural Rubber,"Eco-Friendly; Non-Slip; Lightweight",,6028531597471
yogadesignlab-travel-combo-yoga-mat-celestial,"Travel Combo Yoga Mat - Celestial",yogadesignlab,,1.5,,,,Natural Rubber,"Eco-Friendly; Non-Slip; Lightweight",,10561076822175
yogadesignlab-combo-yoga-mat-1-5mm-breathe,"Travel Combo Yoga Mat - Breathe",yogadesignlab,,1.5,,,,Natural Rubber,"Eco-Friendly; Non-Slip; Lightweight",,7017878716575
yogadesignlab-combo-yoga-mat-1-5mm-tribeca-sand,"Travel Combo Yoga Mat - Tribeca Sand",yogadesignlab,,1.5,,,,Natural Rubber,"Eco-Friendly; Non-Slip; Lightweight",,6028532121759
yogadesignlab-infinity-yoga-mat-eternal,"Infinity Yoga Mat - Eternal",yogadesignlab,,5,,,,,"Eco-Friendly; Non-Slip",,10560358351007
yogadesignlab-travel-combo-yoga-mat-butterfly-glow,"Travel Combo Yoga Mat - Butterfly Glow",yogadesignlab,,1.5,,,,Natural Rubber,"Eco-Friendly; Non-Slip; Lightweight",,10564078076063
yogadesignlab-travel-combo-yoga-mat-iris,"Travel Combo Yoga Mat - Iris",yogadesignlab,,1.5,,,,Natural Rubber,"Eco-Friendly; Non-Slip; Lightweight",,10561077805215
yogadesignlab-combo-yoga-mat-mandala-sapphire,"Combo Yoga Mat - Mandala Sapphire",yogadesignlab,,3.5,,,2.2,Natural Rubber,"Eco-Friendly; Non-Slip; Lightweight",,6026276012191
yogadesignlab-travel-combo-yoga-mat-crystal,"Travel Combo Yoga Mat - Crystal",yogadesignlab,,1.5,,,,Natural Rubber,"Eco-Friendly; Non-Slip; Lightweight",,10561078689951
yogadesignlab-travel-combo-yoga-mat-zenith,"Travel Combo Yoga Mat - Zenith",yogadesignlab,,1.5,,,,Natural Rubber,"Eco-Friendly; Non-Slip; Lightweight",,10711759519903
yogadesignlab-travel-combo-yoga-mat-rose,"Travel Combo Yoga Mat - Rose",yogadesignlab,,1.5,,,,Natural Rubber,"Eco-Friendly; Non-Slip; Lightweight",,10561079050399
yogadesignlab-combo-yoga-mat-1-5mm-monaco,"Travel Combo Yoga Mat - Monaco",yogadesignlab,,1.5,,,,Natural Rubber,"Eco-Friendly; Non-Slip; Lightweight",,6028535529631
yogadesignlab-combo-yoga-mat-3-5mm-monaco,"Combo Yoga Mat - Monaco",yogadesignlab,,1.5,,,,Natural Rubber,"Eco-Friendly; Non-Slip",,6028535496863
yogadesignlab-travel-combo-yoga-mat-boho-glow,"Travel Combo Yoga Mat - Boho Glow",yogadesignlab,,1.5,,,,Natural Rubber,"Eco-Friendly; Non-Slip; Lightweight",,10564082466975
yogadesignlab-kids-combo-yoga-mat-celestial,"Kids Combo Yoga Mat - Celestial",yogadesignlab,,4,152.4,60.96,,Natural Rubber,"Eco-Friendly; Non-Slip",,10560124715167
yogadesignlab-travel-cork-yoga-mat-natural-balance,"Travel Cork Yoga Mat - Natural Balance",yogadesignlab,,1.5,,,,Natural Rubber,"Eco-Friendly; Non-Slip; Lightweight; Alignment Marks; Antimicrobial",,10711950491807
yogadesignlab-combo-yoga-mat-rainbow,"Combo Yoga Mat - Rainbow",yogadesignlab,,3.5,,,,Natural Rubber,"Eco-Friendly; Non-Slip",,10555079262367
yogamatters-yogamatters-sticky-yoga-mat,"Yogamatters Sticky Yoga Mat",yogamatters,,4.5,,,,,"Eco-Friendly; Non-Slip; Lightweight; Extra Wide; Alignment Marks",,4515213901891
yogamatters-yogamatters-eco-flow-yoga-mat,"Yogamatters Eco Flow Yoga Mat",yogamatters,,4,,,,Natural Rubber,"Eco-Friendly; Non-Slip",,6720198607023
yogamatters-yogamatters-eco-everyday-yoga-mat,"Yogamatters Eco Everyday Yoga Mat",yogamatters,,4,,,,Natural Rubber,"Eco-Friendly; Extra Thick; Non-Slip; Alignment Marks",,4515268362307
yogamatters-yogamatters-aqua-evolve-yoga-mat,"Yogamatters Aqua Evolve Yoga Mat",yogamatters,,5,,,0.75,PVC,"Eco-Friendly; Lightweight; Alignment Marks",,5981154214063
yogamatters-yogamatters-eco-everyday-rise-yoga-mat,"Yogamatters Eco Rise Yoga Mat",yogamatters,,3,,,,Natural Rubber,"Eco-Friendly; Non-Slip; Lightweight; Alignment Marks",,4515304046659
yogamatters-yogamatters-lightweight-exercise-mat-black,"Yogamatters Ultra Lightweight Exercise Mat - Black",yogamatters,,10,,,,NBR,"Eco-Friendly; Extra Thick; Non-Slip; Lightweight; Alignment Marks; Antimicrobial; Closed-Cell",,6162979848367
yogamatters-yogamatters-thrive-pu-yoga-mat,"Yogamatters Thrive PU Yoga Mat",yogamatters,,4.5,,,,Natural Rubber,"Non-Slip; Premium",,15064534909313
yogamatters-yogamatters-eco-cork-yoga-mat-black,"Yogamatters Eco Cork Yoga Mat - Black",yogamatters,,4,,,,Natural Rubber,"Eco-Friendly; Non-Slip; Alignment Marks",,15158185197953
yogamatters-yogamatters-eco-cork-yoga-mat,"Yogamatters Eco Cork Yoga Mat - Green",yogamatters,,4,,,,Natural Rubber,"Eco-Friendly; Non-Slip; Alignment Marks",,6992897769647
yogamatters-yogamatters-everyday-studio-mat,"Yogamatters Signature Studio Yoga Mat",yogamatters,,5.5,,,,,"Reversible; Non-Slip; Alignment Marks; Closed-Cell",,4515285762115
yogamatters-yogamatters-everyday-wellness-mat-ocean-green-cool-grey,"Yogamatters Wellness Pilates Mat",yogamatters,,8,,,1.5,,"Reversible; Extra Thick; Non-Slip; Lightweight; Extra Wide; Alignment Marks",,4515287859267
yogamatters-yogamatters-eco-travel-yoga-mat,"Yogamatters Eco Travel Yoga Mat",yogamatters,,1,,,0.75,Natural Rubber,"Eco-Friendly; Non-Slip; Lightweight; Extra Wide; Alignment Marks; Antimicrobial",,4515268067395
yogamatters-yogamatters-organic-cotton-yoga-mat-1,"Yogamatters Organic Cotton Yoga Mat",yogamatters,,,,,,Cotton,"Eco-Friendly; Non-Slip; Alignment Marks",,6820779425967
yogamatters-manduka-prolite-yoga-mat,"Manduka PROlite Yoga Mat",yogamatters,,7,,,,,"Eco-Friendly; Extra Thick; Lightweight; Alignment Marks; Closed-Cell",,4515213344835
yogamatters-manduka-prolite-mat-long,"Manduka PROlite Yoga Mat - Long",yogamatters,,7,,,,,"Eco-Friendly; Extra Thick; Lightweight; Alignment Marks; Closed-Cell",,4515225305155
yogamatters-manduka-pro-yoga-mat,"Manduka PRO Yoga Mat",yogamatters,,6,,,,,"Eco-Friendly; Extra Thick; Alignment Marks; Closed-Cell; Premium",,4515212787779
yogamatters-manduka-pro-mat-long,"Manduka PRO Yoga Mat - Long",yogamatters,,6,,,,,"Eco-Friendly; Extra Thick; Extra Long; Alignment Marks; Closed-Cell; Premium",,4515224911939
yogamatters-manduka-pro-travel-mat-2-0,"Manduka Pro Travel Mat 2mm",yogamatters,,2,180,61,1.1,,"Non-Slip; Lightweight; Antimicrobial; Closed-Cell",,15001853919617
yogamatters-manduka-eko-lite-3-0-4mm-yoga-mat,"Manduka eKO Lite 3.0 4mm Yoga Mat",yogamatters,,4,,,,Natural Rubber,"Eco-Friendly; Extra Thick; Non-Slip; Closed-Cell",,15001854116225
yogamatters-manduka-eko-superlite-travel-mat,"Manduka eKO Superlite Travel Mat",yogamatters,,5,,,,Natural Rubber,"Eco-Friendly; Non-Slip; Lightweight; Closed-Cell",,7254811082927
yogamatters-ecoyoga-jute-mat,"ecoYoga Jute Mat",yogamatters,,4,,,,Natural Rubber,"Eco-Friendly; Non-Slip; Alignment Marks",,4515211509827
yogamatters-jade-yoga-mat-harmony,"Jade Yoga Harmony Mat - 173cm",yogamatters,,5,,,,Natural Rubber,"Eco-Friendly; Non-Slip; Alignment Marks",,4515211771971
yogamatters-jade-yoga-harmony-mat-188cm,"Jade Yoga Harmony Mat - 188cm",yogamatters,,5,188,61,,Natural Rubber,"Eco-Friendly; Non-Slip; Extra Wide",,7565034651823
yogamatters-jade-yoga-travel-mat,"Jade Yoga Travel Mat",yogamatters,,3,,,1.5,Natural Rubber,"Eco-Friendly; Lightweight; Alignment Marks",,4515214884931
yogamatters-jade-yoga-voyager-mat,"Jade Yoga Voyager Mat",yogamatters,,5,,,,Natural Rubber,"Eco-Friendly; Non-Slip; Lightweight; Alignment Marks",,4515215179843
yogamatters-yoga-design-lab-studio-mat-3-5mm-zenith,"Yoga Design Lab Studio Mat 3.5mm - Zenith",yogamatters,,3.5,,,,Natural Rubber,"Eco-Friendly; Non-Slip; Premium",,15069151953281
yogamatters-yoga-design-lab-studio-mat-3-5mm-aegean-green,"Yoga Design Lab Studio Mat 3.5mm - Aegean Green",yogamatters,,3.5,,,,Natural Rubber,"Eco-Friendly; Non-Slip; Premium",,4553488597059
yogamatters-yoga-design-lab-infinity-mat-5mm-diamond-align-coral,"Yoga Design Lab Infinity Mat 5mm - Diamond Align Coral",yogamatters,,5,,,,Natural Rubber,"Eco-Friendly; Non-Slip; Alignment Marks",,15069151723905
yogamatters-yoga-design-lab-infinity-mat-charcoal,"Yoga Design Lab Infinity Mat 5mm - Mandala Charcoal",yogamatters,,5,,,,Natural Rubber,"Non-Slip; Alignment Marks",,4515283271747
yogamatters-yoga-design-studio-mat-3-5mm-rose,"Yoga Design Lab Studio Mat 3.5mm- Rose",yogamatters,,3.5,,,,Natural Rubber,"Eco-Friendly; Non-Slip; Premium",,8093855285423
yogamatters-yoga-design-lab-3-5mm-studio-mat-mandala-black,"Yoga Design Lab Studio Mat 3.5mm - Mandala Black",yogamatters,,3.5,,,,Natural Rubber,"Eco-Friendly; Non-Slip; Alignment Marks; Premium",,4515263217731
yogamatters-yoga-design-lab-3-5mm-studio-mat-mandala-turquoise,"Yoga Design Lab Studio Mat 3.5mm - Mandala Turquoise",yogamatters,,3.5,,,,Natural Rubber,"Eco-Friendly; Non-Slip; Alignment Marks; Premium",,4515263316035
yogamatters-yoga-design-lab-cork-mat-3-5mm-nature-balance,"Yoga Design Lab Cork Mat 3.5mm - Natural Balance",yogamatters,,3.5,,,,Natural Rubber,"Eco-Friendly; Non-Slip; Lightweight; Antimicrobial; Premium",,15069151461761
yogamatters-yoga-design-lab-studio-mat-3-5mm-breathe,"Yoga Design Lab Studio Mat 3.5mm - Breathe",yogamatters,,3.5,,,,Natural Rubber,"Eco-Friendly; Non-Slip; Premium",,4553488531523
yogamatters-yoga-design-lab-travel-mat-1-5mm-zenith,"Yoga Design Lab Travel Mat 1.5mm- Zenith",yogamatters,,1.5,,,,Natural Rubber,"Eco-Friendly; Non-Slip; Lightweight",,15069151035777
yogamatters-yoga-design-lab-travel-mat-1-5mm-aegean-green,"Yoga Design Lab Travel Mat 1.5mm- Aegean Green",yogamatters,,1.5,,,,Natural Rubber,"Eco-Friendly; Non-Slip; Lightweight",,15069151232385
yogamatters-yoga-design-lab-travel-mat-1-5mm-crystal,"Yoga Design Lab Travel Mat 1.5mm- Crystal",yogamatters,,1.5,,,,Natural Rubber,"Eco-Friendly; Non-Slip; Lightweight",,8093855187119
yogamatters-yoga-design-lab-travel-mat-1-5mm-boho-glow,"Yoga Design Lab Travel Mat 1.5mm- Boho Glow",yogamatters,,1.5,,,,Natural Rubber,"Eco-Friendly; Non-Slip; Lightweight",,8093855219887
yogamatters-yoga-design-lab-travel-mat-1-5mm-celestial,"Yoga Design Lab Travel Mat 1.5mm - Celestial",yogamatters,,1.5,,,,Natural Rubber,"Eco-Friendly; Non-Slip; Lightweight",,7027376029871
yogamatters-yoga-design-lab-1mm-travel-mat-breathe,"Yoga Design Lab Travel Mat 1.5mm - Breathe",yogamatters,,1.5,,,,Natural Rubber,"Eco-Friendly; Reversible; Non-Slip; Lightweight; Alignment Marks; Premium",,4538723074115
yogamatters-yogamatters-signature-studio-yoga-mat-long-box-of-6-copy,"Yogamatters Signature Studio Yoga Mat - Long - Box of 7",yogamatters,,5.5,,,,,"Reversible; Non-Slip; Alignment Marks; Closed-Cell",,8086662774959
yogamatters-yogamatters-restore-organic-cotton-yoga-nidra-mat,"Yogamatters Organic Cotton Restorative Yoga Mat",yogamatters,,,,,,Cotton,"Eco-Friendly",,6878030987439
yogamatters-manduka-shala-yoga-rug,"Manduka Shala Yoga Rug",yogamatters,,5,180,66,1.1,Cotton,"Eco-Friendly",,15001854312833
yogamatters-jade-yoga-organic-cotton-mysore-yoga-rug,"Jade Yoga Organic Cotton Mysore Yoga Rug",yogamatters,,3,,,1.13,Natural Rubber,"Eco-Friendly; Non-Slip; Lightweight",,7565034684591
yogamatters-manduka-pro-extra-long-and-wide-yoga-mat-black,"Manduka PRO Extra Long and Wide Yoga Mat -  Black",yogamatters,,6,,,,,"Eco-Friendly; Extra Thick; Extra Long; Extra Wide; Alignment Marks; Closed-Cell",,7022080753839
yogamatters-new-bundle-yogamatters-studio-yoga-mat-box-of-8,"Yogamatters Signature Studio Yoga Mat - Box of 9",yogamatters,,5.5,,,,,"Reversible; Non-Slip; Alignment Marks; Closed-Cell",,7308682002607
yogamatters-yogamatters-sticky-yoga-mat-box-of-12-mats,"Yogamatters Sticky Yoga Mat - Box of 12",yogamatters,,5,,,,,"Eco-Friendly; Extra Thick; Non-Slip; Alignment Marks",,6961121886383
yogamatters-new-bundle-yogamatters-eco-rise-yoga-mat-box-of-6,"Yogamatters Eco Rise Yoga Mat - Box of 6",yogamatters,,3,,,,Natural Rubber,"Eco-Friendly; Non-Slip; Alignment Marks",,7308623446191
yogamatters-new-bundle-yogamatters-eco-everyday-yoga-mat-box-of-6,"Yogamatters Eco Everyday Yoga Mat - Box of 6",yogamatters,,4,,,,Natural Rubber,"Eco-Friendly; Extra Thick; Non-Slip; Alignment Marks",,7311006466223
yogamatters-new-bundle-yogamatters-eco-travel-yoga-mat-box-of-12,"Yogamatters Eco Travel Yoga Mat - Box of 12",yogamatters,,1,,,0.75,Natural Rubber,"Eco-Friendly; Non-Slip; Lightweight; Alignment Marks; Antimicrobial",,7350085845167
yogamatters-yoga-design-lab-cork-mat-mandala-black,"Yoga Design Lab Cork Mat 3.5mm - Mandala Black",yogamatters,,3.5,,,,Natural Rubber,"Eco-Friendly; Non-Slip; Lightweight; Alignment Marks; Antimicrobial; Premium",,4515345334339
yogamatters-yoga-design-lab-studio-mat-3-5mm-celestial,"Yoga Design Lab Studio Mat 3.5mm - Celestial",yogamatters,,3.5,,,,Natural Rubber,"Eco-Friendly; Non-Slip; Premium",,7027375800495
yogamatters-yogamatters-ultra-lightweight-exercise-mat-black-box-of-6,"Yogamatters Ultra Lightweight Exercise Mat - Black - Box of 6",yogamatters,,10,,,,NBR,"Extra Thick; Non-Slip; Lightweight; Alignment Marks; Antimicrobial; Closed-Cell",,6642176721071
yogi-bare-pilates-mat,"Performance Pilates Arch Mat FSC® Certified Natural Rubber - Chocolate",yogi-bare,,5,,,,Natural Rubber,"Eco-Friendly; Extra Thick; Non-Slip; Lightweight; Premium",,15258628718971
yogi-bare-pilates-mat-black-copy,"Performance Pilates Arch Mat FSC® Certified Natural Rubber - Milk",yogi-bare,,5,,,,Natural Rubber,"Eco-Friendly; Extra Thick; Non-Slip; Lightweight; Premium",,15280332734843
yogi-bare-pilates-mat-black,"Performance Pilates Arch Mat.  FSC® Certified Natural Rubber - Black",yogi-bare,,5,,,,Natural Rubber,"Eco-Friendly; Extra Thick; Non-Slip; Lightweight; Premium",,15280332538235
yogi-bare-yogi-bare-paws-yoga-pilates-mat-wild-forest,"The Original Paws Sticky Grip Yoga Mat. FSC® Certified Natural Rubber -  Wild Forest",yogi-bare,,,,,,Natural Rubber,"Eco-Friendly; Non-Slip; Alignment Marks",,7911520108682
yogi-bare-yogi-bare-paws-yoga-mat-midnight,"The Original Paws Sticky Grip Yoga Mat. FSC® Certified Natural Rubber - Midnight Black",yogi-bare,,,,,,Natural Rubber,"Eco-Friendly; Non-Slip; Alignment Marks",,7911519649930
yogi-bare-flow-paws-natural-rubber-extreme-grip-yoga-mat,"Flow Paws - Natural rubber extreme grip yoga mat",yogi-bare,,4,,,,Natural Rubber,"Eco-Friendly; Extra Thick; Non-Slip; Alignment Marks",,5402465271946
yogi-bare-ever-grip-paws-warm-sand,"EverGrip Non Slip Matte Yoga Mat. FSC® Certified Natural Rubber - Warm Sand",yogi-bare,,4,,,,Natural Rubber,"Eco-Friendly; Non-Slip",,7911519846538
yogi-bare-midnight-black-ever-grip-paws-with-eyelets,"EverGrip Non Slip Matte Yoga Mat. FSC® Certified Natural Rubber - Midnight Black",yogi-bare,,4,,,,Natural Rubber,"Eco-Friendly; Non-Slip",,8262034292874
yogi-bare-ever-grip-paws-desert-rose,"EverGrip Non Slip Matte Yoga Mat. FSC® Certified Natural Rubber - Desert Rose",yogi-bare,,4,,,,Natural Rubber,"Eco-Friendly; Non-Slip",,7911519322250
yogi-bare-minimalist-black-ever-grip-yoga-mat,"EverGrip Non Slip Matte Yoga Mat. FSC® Certified Natural Rubber - The Minimalist",yogi-bare,,4,,,,Natural Rubber,"Eco-Friendly; Non-Slip; Alignment Marks",,8288671498378
yolohayoga-aura-cork-yoga-mat-plant-foam,"Aura Cork Yoga Mat",yolohayoga,,,182.88,66.04,,Cork,"Eco-Friendly; Extra Thick; Non-Slip",,7114270834876
yolohayoga-unity-pro-cork-yoga-mat,"Unity Pro Cork Yoga Mat",yolohayoga,,,182.88,66.04,,Natural Rubber,"Eco-Friendly; Non-Slip",,8629327790292
yolohayoga-original-cork-yoga-mat-plant-foam,"Original Cork Yoga Mat",yolohayoga,,,182.88,66.04,,Cork,"Eco-Friendly; Extra Thick; Non-Slip; Premium",,7434368778452
yolohayoga-nomad-cork-yoga-mat-plant-foam,"Nomad Cork Yoga Mat",yolohayoga,,,,,,Cork,"Eco-Friendly; Non-Slip; Lightweight; Antimicrobial; Premium",,7434379034836
yolohayoga-travel-cork-yoga-mat,"Nomad Air Cork Yoga Mat",yolohayoga,,,182.88,60.96,,Natural Rubber,"Eco-Friendly; Non-Slip; Lightweight; Premium",,7114269491388
yolohayoga-nomad-xl-cork-yoga-mat,"Nomad XL Cork Yoga Mat",yolohayoga,,,203.2,121.92,2.041168092460379,Cork,"Eco-Friendly; Non-Slip; Lightweight; Premium",,7114268475580
yolohayoga-mountain-magic-aura-cork-yoga-mat,"Mountain Magic Aura Cork Yoga Mat",yolohayoga,,,182.88,66.04,,Cork,"Eco-Friendly; Extra Thick; Non-Slip",,7114268410044
yolohayoga-chakras-aura-cork-yoga-mat,"Chakras Aura Cork Yoga Mat",yolohayoga,,,182.88,66.04,,Cork,"Eco-Friendly; Extra Thick; Non-Slip",,7114266738876
yolohayoga-blossom-aura-cork-yoga-mat,"Blossom Aura Cork Yoga Mat",yolohayoga,,,182.88,66.04,,Cork,"Eco-Friendly; Extra Thick; Non-Slip",,7114267361468
yolohayoga-kids-cork-yoga-mat,"Kids Aura Cork Yoga Mat",yolohayoga,,,152.4,60.96,,Cork,"Eco-Friendly; Non-Slip; Lightweight",,7114267852988
yolohayoga-pond-of-harmony-aura-cork-yoga-mat-plant-foam,"Pond of Harmony Aura Cork Yoga Mat",yolohayoga,,,182.88,66.04,,Cork,"Eco-Friendly; Extra Thick; Non-Slip",,7675335639252
yolohayoga-mountain-magic-unity-pro-cork-yoga-mat,"Mountain Magic Unity Pro Cork Yoga Mat",yolohayoga,,,182.88,66.04,,Natural Rubber,"Eco-Friendly; Non-Slip",,8665471156436
yolohayoga-unity-xl-cork-yoga-mat,"Unity Pro XL Cork Yoga Mat",yolohayoga,,,213.36,116.84,,Natural Rubber,"Non-Slip",,7114270212284
yolohayoga-balance-and-unity-aura-cork-yoga-mat,"Balance and Unity Aura Cork Yoga Mat",yolohayoga,,,182.88,66.04,,Cork,"Eco-Friendly; Extra Thick; Non-Slip",,7114269262012
yolohayoga-chakras-original-cork-yoga-mat,"Chakras Original Cork Yoga Mat",yolohayoga,,,182.88,66.04,,Cork,"Eco-Friendly; Extra Thick; Non-Slip; Premium",,7114266902716
yolohayoga-harmony-aura-cork-yoga-mat-plant-foam,"Harmony Aura Cork Yoga Mat",yolohayoga,,,182.88,66.04,,Cork,"Eco-Friendly; Extra Thick; Non-Slip",,7950126842068
yolohayoga-flight-home-aura-cork-yoga-mat-plant-foam,"Flight Home Aura Cork Yoga Mat",yolohayoga,,,182.88,66.04,,Cork,"Eco-Friendly; Extra Thick; Non-Slip",,7950127104212
yolohayoga-mountain-magic-nomad-cork-yoga-mat,"Mountain Magic Nomad Cork Yoga Mat",yolohayoga,,,182.88,66.04,,Cork,"Eco-Friendly; Non-Slip; Lightweight; Antimicrobial; Premium",,7114268344508
yolohayoga-blossom-original-cork-yoga-mat,"Blossom Original Cork Yoga Mat",yolohayoga,,,182.88,66.04,,Cork,"Eco-Friendly; Extra Thick; Non-Slip; Premium",,7114268016828
yolohayoga-float-on-aura-cork-yoga-mat-plant-foam,"Float On Aura Cork Yoga Mat",yolohayoga,,,182.88,66.04,,Cork,"Eco-Friendly; Extra Thick; Non-Slip",,7950128021716
yolohayoga-mountain-magic-original-cork-yoga-mat,"Mountain Magic Original Cork Yoga Mat",yolohayoga,,,182.88,66.04,,Cork,"Eco-Friendly; Extra Thick; Non-Slip; Premium",,7114268278972
yolohayoga-mind-of-the-universe-nomad-cork-yoga-mat,"Mind of the Universe Nomad Cork Yoga Mat",yolohayoga,,,182.88,66.04,,Cork,"Eco-Friendly; Non-Slip; Lightweight; Antimicrobial; Premium",,7114265428156
yolohayoga-balance-and-unity-original-cork-yoga-mat,"Balance and Unity Original Cork Yoga Mat",yolohayoga,,,182.88,66.04,,Cork,"Eco-Friendly; Extra Thick; Non-Slip; Premium",,7114268967100
yolohayoga-inhale-exhale-aura-cork-yoga-mat-plant-foam,"Inhale Exhale Aura Cork Yoga Mat",yolohayoga,,,182.88,66.04,,Cork,"Eco-Friendly; Extra Thick; Non-Slip",,7982313111764
yolohayoga-pond-of-harmony-original-cork-yoga-mat,"Pond Of Harmony Original Cork Yoga Mat",yolohayoga,,,182.88,66.04,,Cork,"Eco-Friendly; Extra Thick; Non-Slip; Premium",,7675334066388
yolohayoga-solar-and-lunar-original-cork-yoga-mat,"Solar and Lunar Original Cork Yoga Mat",yolohayoga,,,182.88,66.04,,Cork,"Eco-Friendly; Extra Thick; Non-Slip; Premium",,7675370537172
yolohayoga-infinite-transformation-nomad-cork-yoga-mat,"Infinite Transformation Nomad Cork Yoga Mat",yolohayoga,,,182.88,66.04,,Cork,"Eco-Friendly; Non-Slip; Lightweight; Antimicrobial; Premium",,7675357987028
yolohayoga-earth-rest-nomad-cork-yoga-mat,"Earth Rest Nomad Cork Yoga Mat",yolohayoga,,,182.88,66.04,,Cork,"Eco-Friendly; Non-Slip; Lightweight; Antimicrobial; Premium",,7114268999868
yolohayoga-pond-of-harmony-unity-pro-cork-yoga-mat,"Pond of Harmony Unity Pro Cork Yoga Mat",yolohayoga,,,182.88,66.04,,Natural Rubber,"Eco-Friendly; Non-Slip",,8665477480660
yolohayoga-harmony-original-cork-yoga-mat-plant-foam,"Harmony Original Cork Yoga Mat",yolohayoga,,,182.88,66.04,,Cork,"Eco-Friendly; Extra Thick; Non-Slip; Premium",,7950124024020
yolohayoga-harmony-unity-pro-cork-yoga-mat,"Harmony Unity Pro Cork Yoga Mat",yolohayoga,,,182.88,66.04,,Natural Rubber,"Eco-Friendly; Non-Slip",,8667228733652
yolohayoga-flight-home-unity-pro-cork-yoga-mat,"Flight Home Unity Pro Cork Yoga Mat",yolohayoga,,,182.88,66.04,,Natural Rubber,"Eco-Friendly; Non-Slip",,8667233026260
yolohayoga-balance-and-unity-pro-cork-yoga-mat,"Balance and Unity Pro Cork Yoga Mat",yolohayoga,,,182.88,66.04,,Natural Rubber,"Eco-Friendly; Non-Slip",,8665410601172
yolohayoga-el-dorado-aura-cork-yoga-mat,"El Dorado Aura Cork Yoga Mat",yolohayoga,,,182.88,66.04,,Cork,"Eco-Friendly; Extra Thick; Non-Slip",,8532710621396
yolohayoga-infinite-transformation-unity-pro-cork-yoga-mat,"Infinite Transformation Unity Pro Cork Yoga Mat",yolohayoga,,,182.88,66.04,,Natural Rubber,"Eco-Friendly; Non-Slip",,8665481806036
yolohayoga-el-dorado-unity-pro-cork-yoga-mat,"El Dorado Unity Pro Cork Yoga Mat",yolohayoga,,,182.88,66.04,,Natural Rubber,"Eco-Friendly; Non-Slip",,8667234533588
yolohayoga-tiger-lotus-aura-cork-yoga-mat,"Tiger Lotus Aura Cork Yoga Mat",yolohayoga,,,182.88,66.04,,Cork,"Eco-Friendly; Extra Thick; Non-Slip",,8857685295316
yolohayoga-tiger-lotus-unity-pro-cork-yoga-mat,"Tiger Lotus Unity Pro Cork Yoga Mat",yolohayoga,,,182.88,66.04,,Natural Rubber,"Eco-Friendly; Non-Slip",,8857701122260
yolohayoga-pond-of-harmony-nomad-xl-cork-yoga-mat,"Pond of Harmony Nomad XL Cork Yoga Mat",yolohayoga,,,203.2,121.92,2.041168092460379,Cork,"Eco-Friendly; Non-Slip; Lightweight; Premium",,8812484002004
yolohayoga-rise-up-nomad-cork-yoga-mat,"Rise Up Nomad Cork Yoga Mat",yolohayoga,,,182.88,66.04,,Cork,"Eco-Friendly; Non-Slip; Lightweight; Antimicrobial; Premium",,8532721533140
yolohayoga-tiger-lotus-original-cork-yoga-mat,"Tiger Lotus Original Cork Yoga Mat",yolohayoga,,,182.88,66.04,,Cork,"Eco-Friendly; Extra Thick; Non-Slip; Premium",,8857680511188
yolohayoga-balance-and-unity-nomad-xl-cork-yoga-mat,"Balance and Unity Nomad XL Cork Yoga Mat",yolohayoga,,,203.2,121.92,2.041168092460379,Cork,"Eco-Friendly; Non-Slip; Lightweight; Premium",,8812484362452
yolohayoga-infinite-bloom-aura-cork-yoga-mat,"Infinite Bloom Aura Cork Yoga Mat",yolohayoga,,,182.88,66.04,,Cork,"Eco-Friendly; Extra Thick; Non-Slip",,8934673580244
yolohayoga-zest-for-life-aura-cork-yoga-mat,"Zest For Life Aura Cork Yoga Mat",yolohayoga,,,182.88,66.04,,Cork,"Eco-Friendly; Extra Thick; Non-Slip",,8857684181204
yolohayoga-mountain-magic-nomad-xl-cork-yoga-mat,"Mountain Magic Nomad XL Cork Yoga Mat",yolohayoga,,,203.2,121.92,2.041168092460379,Cork,"Eco-Friendly; Non-Slip; Lightweight; Premium",,8812482199764
yolohayoga-zest-for-life-unity-pro-cork-yoga-mat,"Zest For Life Unity Pro Cork Yoga Mat",yolohayoga,,,182.88,66.04,,Natural Rubber,"Eco-Friendly; Non-Slip",,8857699025108
yolohayoga-tiger-lotus-nomad-cork-yoga-mat,"Tiger Lotus Nomad Cork Yoga Mat",yolohayoga,,,182.88,66.04,,Cork,"Eco-Friendly; Non-Slip; Lightweight; Antimicrobial; Premium",,8857691226324
yolohayoga-infinite-bloom-unity-pro-cork-yoga-mat,"Infinite Bloom Unity Pro Cork Yoga Mat",yolohayoga,,,182.88,66.04,,Natural Rubber,"Eco-Friendly; Non-Slip",,8934555713748
yolohayoga-peacock-oracle-unity-pro-cork-yoga-mat,"Peacock Oracle Unity Pro Cork Yoga Mat",yolohayoga,,,182.88,66.04,,Natural Rubber,"Eco-Friendly; Non-Slip",,8934559449300
yolohayoga-peacock-oracle-aura-cork-yoga-mat,"Peacock Oracle Aura Cork Yoga Mat",yolohayoga,,,182.88,66.04,,Cork,"Eco-Friendly; Extra Thick; Non-Slip",,8934681051348
yolohayoga-awaken-and-transform-aura-cork-yoga-mat,"Awaken and Transform Aura Cork Yoga Mat",yolohayoga,,,182.88,66.04,,Cork,"Eco-Friendly; Extra Thick; Non-Slip",,8934561611988
yolohayoga-awaken-and-transform-unity-pro-cork-yoga-mat,"Awaken and Transform Unity Pro Cork Yoga Mat",yolohayoga,,,182.88,66.04,,Natural Rubber,"Eco-Friendly; Non-Slip",,8934544277716
yolohayoga-pond-of-harmony-nomad-cork-yoga-mat,"Pond of Harmony Nomad Cork Yoga Mat",yolohayoga,,,182.88,66.04,,Cork,"Eco-Friendly; Non-Slip; Lightweight; Antimicrobial; Premium",,8893981229268
yolohayoga-zest-for-life-nomad-cork-yoga-mat,"Zest For Life Nomad Cork Yoga Mat",yolohayoga,,,182.88,66.04,,Cork,"Eco-Friendly; Non-Slip; Lightweight; Antimicrobial; Premium",,8857689358548
yolohayoga-swirly-flow-nomad-cork-yoga-mat,"Swirly Flow Nomad Cork Yoga Mat",yolohayoga,,,182.88,66.04,,Cork,"Eco-Friendly; Non-Slip; Lightweight; Antimicrobial; Premium",,8857685983444
yolohayoga-swirly-flow-original-cork-yoga-mat,"Swirly Flow Original Cork Yoga Mat",yolohayoga,,,182.88,66.04,,Cork,"Eco-Friendly; Extra Thick; Non-Slip; Premium",,8857667403988
yolohayoga-zest-for-life-original-cork-yoga-mat,"Zest For Life Original Cork Yoga Mat",yolohayoga,,,182.88,66.04,,Cork,"Eco-Friendly; Extra Thick; Non-Slip; Premium",,8857676546260
yolohayoga-mountain-magic-unity-pro-xl-cork-yoga-mat,"Mountain Magic Unity Pro XL Cork Yoga Mat",yolohayoga,,,213.36,116.84,,Natural Rubber,"Non-Slip",,8960626491604
yolohayoga-pond-of-harmony-unity-pro-xl-cork-yoga-mat,"Pond of Harmony Unity Pro XL Cork Yoga Mat",yolohayoga,,,213.36,116.84,,Natural Rubber,"Non-Slip",,8960630161620
yolohayoga-harmony-unity-pro-xl-cork-yoga-mat,"Harmony Unity Pro XL Cork Yoga Mat",yolohayoga,,,213.36,116.84,,Natural Rubber,"Non-Slip",,8960634847444